user_id,average_time_minutes
4e0521677630b9df7d69717098024419179910e1fff66d24a1affbc084b0c91f,39.11
74130f3f5de109961e12f22e8c802dc8fdafda2a045b60556cf2e604bfa98e62,50.76
7b8f402162b5d8012c075cade7c331dc7ceccafc93de5a03bc1c272ef55477e6,34.84
a043a79b8262033eade50cd80b31b9c4883a3a77294634d2b91267e90c886c2a,59.01
c104b2e862e69bbd850a7ddfb49e6d6455be36f0bc74774f4057def99ef25715,187.66
e1c3694b2b58532d7fd48283fdc8d6b6fd791397452fc45f9268af48015babd8,27.16
0655466fd378fe385057e604caa841586385e597ffc4476c55f8a5ab1420ee23,34.55
0f771d9f23cfb11c3d4271b99a52338274bd854a6d35a45b407d3ec1454ee066,12.4
2ce6372d8e47cd1c465371a104a6d9f293962269fa5cfa39dd2b314129d5868c,34.42
43015974eaa3408f53ef825bb02b22c5d92bde234967d6b0385f9075e0a125f8,62.27
6018c36204963372a7189faf8150ce8d289209f26f8c8393d7cf71b2a58eea7e,37.98
76446247b0285670c669d9b145ac54bee3c85a0f7fc65307c80cc87810b0f37f,10.72
aed8e43934a437172f79d00c61f032336dadad271e454041561977a57b2c3dc8,28.89
38c251af3a688f6be3b3c63a5d09a416e55e8a2dc01e16f01488b29a1d7bc542,103.99
7805405e7a1fb5dc2b231e3c4b204a46615e0ce7b603de5883dd685a0aae5062,15.1
83446c4f1550da01765de0c8c0b8dbfd006f13350316dc7eb5af5f6715c3cda4,0.0
8a335d678e142688d041a785bbd9e294935f185184acf0dc7687e4039b1b3cb6,168.02
a616645881fd566ab4d48e7492acf08c80cf1b50a2c8cf187184c11db6e78a5f,3.67
b2086824aff95faac63c04342026b082de32b91179ee48c4b71bd2ebb425ee58,29.63
bdffe32d31b768192e4f0569ac5ec776eeeff298b01bf064795aad92a697963e,9.5
fa4abe751163f363847d3d59e34d65b58ccb00808b3b37e22fa3e9b430162355,57.34
3b371be16de038bd4b1865342b9506e692031bc0239c271590fa7a2d5d386d94,2.8
75be96a629627a118c3f9a534303ec96b708ab01d9e5db533663f18f9289cab3,0.0
d377749451561792ecaaaa85b9e9b9f3243f8ddfe5d7bd539765af367432328c,27.38
df7ed131a04989cd1afa118193f7bbcb23bb89c233b57f388f99bebcd948de02,35.54
00a52eb26d5b84881fea69429e91d2e7e7cb1004db83f867a1a38214da5def41,6.16
206155dc5095cafca1c0319645852aaddb5881fa028a703eb673e8c160cd5985,39.16
26eabd0e6b488f1757dfb9a680fea5e52eb0012219c6f2cb1913682fa4d20f13,41.01
4cea73023dbdfe8a85af2e3a894c71b90452853fb38f1ff6b6c2d3cad969f4b1,46.01
5d04d72d75cfd41acd0cf1b18c57cd5d4cb44217d869c02b5a74ed137b4de34c,40.08
6e78f146eec5ad9505851e9c5af85ccfb37addbb9b60d4b1eebfbc7f49323877,0.0
94778e957bebf52ab46456277ace78fd1d8e3ae4083cb4d4d7e20115cc2143ad,92.47
a40b92e7db2d1ff69673b072c44530709828213be641c7845e937e45e4463c57,0.0
c4e12b8367e83ebbab24c93a91625a8ed0f314d2401bcea06878e859164f4c7e,0.93
d8ca238718f7190970d8a93cd739866454151b0f36cf8860ab73ec22929f73ba,88.06
0ca07b88c2920a4edec25a68f32d923864edc92c31fdb396b1bd241476f0afe4,63.84
10327f2511d7bf79aa912f73be23071a1403da7614cd7991a004f1428d79e21a,5.77
33adf172a4a936dadcc8ee4a0ac417e0d2cc96e6d7e51e0f36e4dbd81535c458,10.29
8c62856007899ad45891204db506d064d5f1b67dd4e69c693456d2e35d0bf362,51.45
a82552c6d0c4a4fa750ab85cf15a17837a84c969bc0e248407637e82295819db,25.83
c9a8c63a889ec224af59a5200ac0da07a86be37e96038eb76d8955b9cc8e29d7,8.17
1cc71ec7f16d0d11664fd54c0671dd10bc9a8768420281929544b0e88a66efcf,91.79
4f92b318a43543445f21ffd5621723d5e3dc3fe7c05da05f9e082cf1b274789a,66.62
5b55f070dc22b36cdd13c810247dc2cf74d8b26a0861cdb6ad9809f8833bf9a1,6.02
8bd6bf3333ca32681ed25153be5af0a85459d3c7eab8c7b8d6807e8941f52da5,30.45
95eb8ebfcfb4677364156a87cdfe1221bf17f8c25c872b0ea8ba4dca9f2be9a5,217.88
978d41edfd295d25004b5a975ac2949a43552b07df620da00a974433e2fd0f68,30.0
9ab077346bb5e946ac264e7d117286990e42fed72e422ea7db834ec6addd3e5b,18.34
a18a48d85589e2b612c067a2583354e8ead6fdcc5ab1d923d916a65059c4b3bd,30.5
108bd7828673c4077079853638a9cdaf271ef90fe7f6c8f1c35ec869f7be231e,21.86
1f27b84aedc7aad9b0985452122260114966e354ab59a819afc610bf6985c518,68.7
48fcf56787eb04b4b7cf7588792100e28b645b5c4b54ca975fa197db6edbc32d,15.09
5946e73da79d86a68ff787a342a2ddef2ec8749cedf3952e0661e71d1b031ea2,9.56
5fc37b8e0c4a9413e3c48a8ddc20b82ee08aeb09968874dafb28aee491dc5889,80.65
62871efd683bfc8fe40fecadb53496501ef4ba048b9fe25224a2df63d4f55458,68.22
898d4d2f9fda029bf37b85850824f21d6204d3d3b8ab5b04dcc0d002f64c5725,8.24
8e28f33c2540f9c73d93463beb49c4bcf72ef52bc9dbae54768d648daa7d697d,314.74
94667d7a1019030dbc0f242951c81d2365718ce1acf1ce2825e7378cf370dba3,45.13
a21e97d6bde7100fb8fdddc78975a1c29601c8670f282652ae8404c7403d1773,24.08
b05cadce147c43e47786c46d4c45329cc52978a6d5c09acdd21bcbb10b3b1cca,3.48
d2a9fa08582b127a91c899a79fa794636956127f5d98fc01fa5b462c9fb52545,94.88
3da6734b10bb2375329b0bfed6432c4a641673eea653f7ae36d1b8d5165dd68a,0.0
3dd12dbee732573ab09e5d9343b5ed618953ba76ef3fe0e4f4c1cc2cecac05f5,51.76
75b50dba9e47ed8ebe56ae0e208e0cf9580e8dd88ce9579cc7f1c6c2518c2d9b,28.49
c3008e1e692df1e98705dc8a1e1f4ea7e1f0038d980f5828cf7b89a27a776959,73.55
cab628dd1cbd86226ecd7c0bcf4fd7f9a191d66383d663fcfe534c677eb48d53,15.46
fc999add89d32398c24781a18a67cc1c40b5fb4b710138218619efae86ebecea,102.77
ff67491a33ef563599366567f3176a3c12de59edb47b8081aa6761df9c336bc2,27.88
226331aa348a5e03f53727fec991b1d99d805a85b918c4e17d6bf3e9b529ed26,112.84
25e7c8642b2714fa068f20dc3164bdabf00cc00a59e66bea1f0c1b9b882162c2,132.1
4081cba608664cd8c18ca05160cede9727e5d51836adac74a69acd26521ef58c,3.59
5566dad226632edff66ab884e76026db8dc9e8ba1aa1eaa836e5102556f2ff2f,206.03
87ba86ffc463ec59a43b6e23f95cb2fabf3dbb55f1bd06ca1fb4f482fb1ee7a9,9.63
ad0aba2d65b4bd17b409928713f4185a3715f1c3dd73b0aba5f247cbf4090c68,48.72
b38f97880ccb69e8f89201eedbccc149a9ea914ca86111340a9b1d9de1788a01,0.67
b611aa2c35a15d81bd3c3a1c345332f83caf2a6674762b0393196c78c0fe845c,5.15
34550193a58e42fc9d1a974bc834552fd7614ddb74b5fe91250eff6c103097ad,45.29
7aa9557da312b0a7e049c511f87046e56e3cc946ec5bec13c3b3251fc1f1ba55,0.63
8e8f4d305f42f0795dacc87526872f77ab802d7277ae36fdf2d55d21748c7d35,5.48
8ee06d91bd22e43cc74abd405fa8db05bab97f1dea822660ec80597ad5421b2e,119.48
aaf3a61798802d0759962c937958c782467b44f78b26f697bbb8f2f1116fed4e,69.95
d8913135bdbe6f66014344634eeab92111adf864fb526e64205701431d03a5a8,48.74
72c5f9512da79b76ebf152cb213ecf8f0df046b08d3c15c4c3e0ab755e1c5bc9,215.86
cf1ba6405e1a6242cfcdad7fc8e39e3afe8a22a77497d505cf89431ec230aeda,91.93
fd6088a86e1785acf1dd299ad7bc54315880bc846896e7ae6f77be911900aaa0,42.44
fd80d9ae1e4daffae34a7ff443033719fa677b7744cb32665458c57d4742aeee,5.64
045c5f49bc94f34cffdbe5d6c34f0d47749f736e064b7bc7bf3c806917dc893d,3.19
15542c82e78f8d401e0c16c6ca290b75c14b74e910ad659be2fd3bcebdc4365a,0.0
300d9f888c681fea48d9db94797d5849b05a19c09f05392f2020cff0494352e1,5.47
92e0edd3590a2b45c6f6fc6a79b78d2a6250eea6a7edb61364842fe9195e185c,49.26
17883e4cfa29fd50178b8757fbf4a127859c26946a15c7bcb16933716a7e71d0,95.12
255986d21bb3cb2150828c1dc534bdc553dca141d6864e3441bd1c72847247a6,7.81
3990c4e6df0312f4e12874d6b667c82502889d9a76fb451d92febfdc9aa31e97,23.6
ee4c29fa7d2850ef0c08a158bc2bea3b54549e4b9c41ed7ffa128b45b33fcab2,4.77
26f10bb26320cb3e9338a9d1a9eb74339300e5e149233c9667a043789de8c66c,39.1
72c8346bd901400cecc6dd5bb558743baed5f93bd646cfb70b792b8dfb1c22c4,36.15
731398f1f78e7f1bb0dd5fffb15048a77e3478fc501ea0963de01868bcfb6be2,95.02
a129cd6f83a48139a94c30284eb769a8342992883466a0b8575eba96f208aa9f,16.2
b7559388935d5d8d5642e3eb7d1bc060c8e42947809531f5aa23e27cc0e1f898,29.46
cbfc516f83a6a127eceb0f68056cddb4b06906dd0e5600af90ddb890ba95d963,18.91
df141537b90103210023135326d9b7ba601647ffb9ee97f6e0eb8775ec604392,331.64
ea694aa8f43f622732607ddd5185ccdff24728c738605cd0d12ff7c0f6ca764f,48.25
17e95be48206c6da11a685149ba24cd2192648acd1aff63203188b00dea51dc9,150.98
41857a18e4fd9edbd0960be15790d9e017e6b0b73a73e2c6921d071e7b35a6c5,112.87
a2ef812c9bebc7385ddbba162c997d0f483eb4400795a1c05a7854f1c0126af3,7.66
dbdcb1cb29573bbb4fb38f36798148d9b4fceb58cb78f5eb5c714f11e573df74,29.13
3a08f45ddf5ce43fa23f396662f615cfbfd0d7fe201eac71cd17efde199df14c,0.0
455e8762a53cbf735462a3bd4f27d76e8529d44975cecbd1554bcc13c99a97cf,123.07
430073f22654f6ec57bdb69e555355414105d0c11f31650a80dad9a518ecd5d5,93.04
c62ca0b937b891fb6be83597872828e66ae030d6c7b7b7dbb00c7d8ec6ba6bb1,52.27
68df99af95d342e6281326aecd2baa4749cab2fac8d9fd72a01b1f51296eba02,53.15
73baacffbcd9cb136d2d57a912aeed83592ff73a4e97203b4319d0768f40335a,98.82
779c4e658d4807e3e6be58fde902c82f1ef52dc0a1f748a890539c6935d62132,127.65
c03aaa8cebbda3e2aec98dd4a27df6c3efcb2ea3a52d9bf0299e4470e3682721,37.45
ca09db31cf6c2e639609b97e5b3db64af5498cc903db1f3c6d2d1ccaefc53ecb,270.34
d4d36cda11d1115566b2bb55a871370052161a12f70efe552b5e05757bb2e660,35.93
e5a4d4d1a06b0c98bff7f13631cfbf61f8cb7ce4c8028647a41a29c5817ccde1,57.16
487175a3d699d6f7daf6fd12f3d3ab551fbfcdbed11aed1e4233b5e382100105,85.4
88e5cede38cd0d93b6d8b79a21249d6afc0dff0306d18a3c88072c10d15479a6,90.75
8aee0107ed7ab0f85fae1cc4bd1b4b522dc0c04701305e43deeffaf378247428,36.12
932198ce05357d10a6f9eefadc6d554e044fec8ed8eb1c50312ca8a83b5e58e2,38.23
a58898aa6e30801b052a685d303e109d78f93c8988ff8463fd273e986739371a,66.31
cfb0c0bf683226f45c151b55de6e5abd86618b7b0a96eb631b8875e2bb674cd1,119.8
d49491ff4fe79cee9660484ae716295c7744110721057579ed306878d1f8c9e8,70.97
da76f01c66a2a9565463ce9679c47b618761703d693e3128e6f02d4ecc22afaa,71.79
51b3aca7c3d2c786549fc81323708c31a74e60bc0d526fd8188570425d3ca22e,46.25
641f6fc7013cae0a8c2cf92dfa8ce3859128b091caae59ca6f063736d2ff5460,0.53
8afb584281e8ec1223cd94cb8fe47a662102c595b44b360c630e1acf80ba86fd,3.12
025430e331b440f8f819cb39e1987f01d4af4ac21b9c66518a7a8abef4c60174,0.0
72aa252746dc7a03fec530992789ad3b0d38c74d111105735579472921681bca,10.03
a4d54f6b2f650e118638dc89e6674b71dbe59c1fef375380e1dff45cdb05379b,35.76
c8c436d08fadc07e36ec2890254eef3340704c7ce6de2dbd1212a7b0006d0f17,84.28
c8d66c2e61431b769556b2e92f245533cf459ef06495efdc4a2a9f2055e37d7c,0.0
0a466b7cbb84a6887671e649ebf99679567b80332e44882a0779b4e80454a52f,119.9
0f8d78a7e49a9984b414f0174b9ac1603790dc32eb6969ed81938b76aebdccb8,65.19
530e6e23e29d676750428cd4e0942d862b8e1d179338c4b638e10d3d4ed68909,4.98
588f9b105791c7b92772f000ce71df3e80a26878df8148dde1e79711ec7c9f4d,61.18
e9392d9ae83f42b2fe4c5bff71b74ccae39c0597b6b59fb4cceef54621c7051c,21.49
084fae981704981b027649318a44de256d585594d28178cc9233c632fd6306ff,116.46
1616acee3221dc34a72c45b49236814803dcf3cb22f6c40a69b61ec74904cec6,32.51
30d198be7ca59ba02d109af0dd41f81414b4c941d0afee7a3c10c605ac30fbbb,23.41
5756ec5a6eb9fccf567112b09a139c5a827333632646ede1d6a67e7c81015f8c,13.41
7a8e0c9da198174eb463306b2104cfd465c7bbfed1534949a319708872e14702,24.76
7f599e302016a6b683d1bdcca92587f4dbcc12d4d84e1bd9b3ad79985d06f930,264.78
af6a0ae46ebc0bae45fdf6aefa881102977504aa106f97325b1ec619d28e7e6b,18.42
bce70cc48282c948cb9451e0f21947eadd865bfe9a33712f30c9755bcb969682,0.0
cbbd91a75ea39a1220d6404d03f78d0c0a89ad12884dd4c5dad55065a23120a0,93.77
e6e91b5352ef09448480257d51be5d51054c93d0f34a25e5d7370083e338d83f,35.42
fd2341ec3c2439f9417996a4853e998a75f028c37e8c8f24d8c2d0b7a41c25fa,46.71
097695f258a4dc0678110c98f6becff9a3724c09d89de2d18135b69cd86a507e,70.98
3d702d209609ae48c4fbb21dc906ee36720a386a24b7a9719797ac0c6e4ff371,35.58
14a8414bee7800eca9f25e4b7b344a69d7633a3680430482fca9c39404c891c0,24.43
21cb66ac1f28bab79ca1b2660083bccc81159c4d150582220ce1741989e5e5c6,7.31
295d5d570fc48c9cc6c4aeb1cfe7c3a38ac802012b814340885b4b9034c73d19,29.86
510c1d56ae8ee3d0c0f3a51c8e398eb7ad21811de24d8d329290536e7a7efb04,257.05
5b97bda35b60bf8414aa73260bf027a5a84dfe064eb12611a945b5843f7d6dee,1.35
89bc35df2ba44dcd4743470745bfa27933e325cfe403b79b57b8018b56856c02,69.25
98c3e5b299829a8b7633857f9a9616d331d141f9b80d8c7e985798d295422251,7.97
c377ec052b593af48294de4878991408bbf97e16b86cbcc6d71d9596836c0939,5.39
0bfffd3c9267dc2d585fb49a490e1ca00055845791275cae590f8c23c39ed9d7,30.58
471259335a2af6435742a8b8b52971f6babe3d8677643c0ee7bf9c87ddab4212,92.75
9d3b18524b2a05b55e789e9b078e207ec743c07920ce066bfd49e467e614e69e,56.67
0371299d7bc6f92bbbf2f520f04a091d044d958172375f590ad2010651b56967,0.38
0ab8d9a58a173c7397eb8904edaec17530f4da34a9c361cbcc1e7ba67e081693,45.23
2260347bf0a93db8576fe3745c991e14312138d5a7b2736680d0d7d9baf6e9c2,151.66
39d6928cdeae7c4536ec3992a9ad248bad5657294718f3390e4d2a1174d2de64,0.0
4f73053bd1b6fc4b4881ae27d5bb47fd7a7b27151bd0c0e4cba35a88d21c7ddf,24.78
8a9f1990d597255efe19f9d1018ea40dce18efb97b09e593215b2640a618e8f7,76.3
04916c47608d3393a517f93430176ec179dcbc67e3541395a9dae0c6da1c7f10,5.25
1da3f65904f81009d763418856fe7b382ca7dd5380d0c73396d0dc65848390ef,123.32
2dc9e0cfcc61a5711fee504b232e7defb6535668014ff5a37002e9a1dc1942e5,6.71
406201077ae28b821de968b886f57ca78a2090d7b27272b3eb1c5fa322ca1785,54.73
6b748a5c9d6600b18e875029d8e84ab9b79f574aa0d2e9b2b7c73d31dd3b24fe,2.55
88b69b0c65106aa342a5acfc726475726c2591ccb8867bc4a87071e1fc310d51,34.57
a557fa0c97f23cf7c8cec668828cc43bab2ef33604fc59c1d80db09dd2509e40,2.98
ffdf08cd49a42e94228752c5aceb91d1a12e47bc02a7a1cc9c659365a9bafd13,27.88
028686cbb0d7b0f4c847a9de8ede47b4db065dff2511a71967fdfef0e77c32e1,57.95
1a80ae138e9f486c8a1b411b62677ccef3e2073f6d397ab3f1787d9af92874b6,0.0
54c3c4664b6d5254e2add479079e129a93fa9f48fc5154d2678fa30d5b8ce6b9,32.66
6bffbbfc7bfcae5e2c2b69a9455fd4196311c947c20e64a5815d00b66ff2a95d,60.84
7df99b14c0b8ad9205333d9585a6805d8d6ac7edd68dc576a28f99089f84e34f,6.77
82df48ae1e2bdb16726b0f112ffafc58650a30f2ebb032363fedfaf3f66552cf,67.02
84e278603e26976a99a434752f161f6111f7aeb9e505de991f779403ebe57d7e,12.75
ce0ea95b1c9a0c4f7eb3039d6149e204cf33f610d667a26f692c050199094294,0.0
6a5b9fb789bc4ef0ce384c36a91873b6c3cf8006cbb44e9e54adfc0566e30603,34.02
80fccaec1da3d72e16d0bbbe4d1b13c1d5e171083ea8e56ff6ae5bf30283c4b5,6.56
8742e321109c9f407f3ed643b4ce1c80ad411e8f55ac0ae75ce085fdc6e9875b,6.09
1c11910f8fced2718a123d65253ebb15ef718737891a7c3a301317382e63984b,96.31
67b384d3a3f8678e191e034d45f57a0af280d11365fcefaa5721584825f20965,2.03
76c18e3d9393c069e4c428b2195b25e907dbd466adb5f84bf83b30ad0d0dfbca,0.0
9bb6388d6d9a503172cb0f5619ebfb41ab8ba6289562a3cd3703fc19d0d8adfe,5.62
db309487603bf1d969eeb16031dd81adf0df28f93903ad297921795760e0e3fa,34.4
ec1800442ba71dcb5f0603931f332398c2f97bb47f1c065bac75d6e634e1c530,5.28
1095118ff5c75c366694d9da91731ebb50edfc45ba0e99bdaa938b4ad686122e,119.58
1184e90719a6a3384aa1a4cc64ae4667ba6878e0a42da6233f85e2d8b5692267,71.21
17948ff431e18a073043d475577fc9a17dab0de63ad4e764bb7aecd22551b75f,0.0
29afa4203fee96c841c6b23bc337feaa4d149c12c1fa779bc6b66cc7b0daafce,34.83
38d82cac49755fff51799cab26cf91ed7991fe276fc7750ff72f0bef848e4f13,26.19
427dc6b28d727fd9137c55ad0d9ee617642fb8b17c5bdaa61e57af6b7c1d2983,83.89
8fbee72312ecb5a5e5e6d95aa2c69e4c16929b4d0e98ec6646f058d9f20e241e,70.14
93ec9e0880ad0c7d92935e0f03d1ad7ff2da58beab0f6c486daeed836e2acb50,26.72
c579e185f33c62fc6c53de2c53421bb82970d0c0da08409f5e075974e7a6266f,0.0
19493bab6832d27272c9acab9777bbdcee3a5c5e2231224d3f4bb19ec5b94fae,20.12
365a011424432621de0e828ad2cccb998dad54d9ba1f73dae3e8f5d773cb514a,13.32
381b4683115d9722150ed75141b2fb887042744fc017368e51fcb3d90c0d589c,24.96
5593eb90bdc7a0783c08b96b2e401b2b88b0bf3cdf0790c91302ab29642d1b27,3.91
6272172dfd4f0fcc2e1ad14777755dbaab1e5ea51987490ea0f8a336d076592a,22.92
78813ffdd595eb058241fb95b576a1622e906d257b2f614be2e7b5ce678b357a,7.35
af6c6dd88a6438b81d97f0ba14be88422ba338502e4c1f430ce098568c63661e,76.24
fb326d1683aba34c6601e33818881c75a68fd3f53b7b08ac78925d9055724a8e,68.54
1679d463324e9c02b86da5ceda723c3ea1aae4adb1faa8dba91a3a1607295191,66.18
1d08770086774176a4814e44170713432e3aacf067466b4c4ece8ce8850a29df,0.35
91ee17279fc46fd413c283cb2ac2a279cb08f7c50cd95d2e81e9c65833b8233b,0.0
e915b31b864e45d04b721d6eccee717c7aca1d761eed6496323f9e20058e8967,19.7
198cd510b3631c239ccf11a86c0997f4dc18984276e021786d025fccfeffab45,100.57
4997a2ca5d6f3a8e2181847a9734a864ea097fe3684dcbaea0634a82347453e1,71.89
4df5b39c41313d1a6a24e0f8131da2b66789c414482581d51676feb16a1878a1,4.43
609b797aa6e547599046b5e36004f46ae85688127c08016edc853d501eaeb47c,6.19
60d2f5b2ac66a83105d58ca0584615164a26e6b5b939d7d150547e4b0795d9a9,132.84
9012d7aedd0378751c076cb35d8f390a94fe1cf405e481abde182fa3f410426b,4.52
fdb40482b6001a3bfb1e6b6e71e338d6b9d533cb4d947e4a2818328bdc4930f0,8.69
0e32142e4a60cb30068b8069afe6559eead5cde35e6b59dac2f89f19b4df3f93,127.88
1ef58abe3536abec5e4a11ecabf53f6d0b18732dcbc3a7263b139bca66668942,6.96
3f9c86e372e5c419666d2203d80bf811314f7b00bc4e1044838c076e87e1f660,0.0
9e8a0de8d84967fa409c821ec75993715586ead4889cae0b33b4e2aaf649cae9,0.15
b31e66e9560c7a87221e3863aa456077f2ad8b62ae1ad0a9a8f7cd033908844c,0.0
e7981d6e65b5c57b132aa561ac5bda198f11c50100165fd040b53f84ce7435ad,31.42
a266432afb4ebc93a56504be203f57467c018648620d09ac41c337a56a38833a,29.78
a4c955cbb61d6e3b05f75b95907490437c693b08f5bc84affe23db1e598d838c,16.82
a73ddbfcd32add1796f26bfcb3de0dc2472805c797f1fba7377b4011a97a8494,19.13
b74460265402ec152860f9332c9a609400a14913ec5f9d9e91364556f512967b,3.74
ed826ca0d9e5a263ccd1c4910f315f85e33474da3201f7133cd7c6dc7853f6d9,0.0
08f8f44ab30d7e1edc9122bc95eae738da1479507f0e46c44c5282f95c945879,23.02
310f87165809c9bd93a4647f7ddca50396d04d4d0b904fbe6d0a8774eea5fc1c,33.97
6adab2498d9f83e97e5a53ebe81030c341ff822477c243c7d544ff392c6a6bc5,0.0
c95870f5a6fbab460fa01e414bacb588be0147d708dc2846157b628f70feb9ca,31.55
cdd408976b110beea7f721d925ef35038966c7161a723a9a083877e49734a96a,1.34
dd6a945c008559e809a6341dec798693557ebf971486de82c1f37bb5aacf8a80,33.12
543bd3908ef629bf0f2a5b72855300d903d4833ec3cf1ecf54563b8d342afe3a,45.59
5dd41754467357a7f906aaf6ec9f8b3ca135ea7b8ac15e084f5d0760cc449e79,23.94
7797e1d71302721000093b2a570e9bc7267413e2604e16fd6872ab8a56858a55,1.51
ecbb409adf79b755fe2add6dca11a1af00352de4d6e6fcb96db5cb1588bd277f,0.0
0463fd5825eb0efde8534691b4368b80252644a1a0b2999654ff21de24b2e275,27.23
068f977b10a8681ca0654034ec6b127e4bcc4e27be177a0462e6fbcf1c181deb,22.41
2205d5664893dd453c1108a5eb4d41b08c60f7ec124f742b2eba8d79f55fd956,103.15
2bd5deafc244d92d0c31ae55a0031acd2ed0cc479c95103f5ab7e8c15caa37bc,5.27
630060ec5f63f4dcc8b37aa2a96469464a0f33b7cac80baa09244c4a6c9d2854,248.33
97f4b314d75987424f2ef4dbfdba39b71c46ff5d8345feacda0cfc3cf55ca4b2,0.0
ba7d81a055350871cd8b1285977ac45d15b0295f1a9d3e8146b68896f4d494d4,192.61
c013196f6668a03e18f7c18a72d8b6cb66117b913fbf42ce471a5ac99ef9c365,9.89
ec0c0ca9c96ce201487610994b8b9804c0328d8e0a5319af35313eee12d9cd6d,6.01
6fd7d6ec0c94b7f9486bcb5863368af360fba38af65d2c4483cc0012f7f01101,0.0
9487d5313fa48e9df0bba0792f9a3c253755ed62772c5ed8fa9d992e20dee65e,0.0
c5f5a8f0878a378c28469840fea7377576378cac9885d76bed25610875fce891,0.0
ca953f66c3b161f0750d57b7e4e6b08514435c1169db638ad3c78799b7989102,3.91
7f4315af5dc2ab010740690d8be5a06700d0902eddfcd5113e74f32602106ced,27.38
8065b6cbea369c6a95f7c6228ea20d8e56f7854672e61e3267493c6c736aa10d,9.33
8739e4adf0817a67801db4031bb88007f00e5d023ba3caafe36135d93e9e026c,18.89
a8c1cbd6f6599a3fb1a4d8fb11d8c12342afd8cc9432a54f51e83b8aadf4fe03,80.75
cffb98f08abdb1f3ca8322a5b4618fa74b8f99026120b61f6c687774f060b077,6.62
d5c57062c323a349d9874af0c921a531f43ca9a83318090d840365c79735432e,46.64
12c2f459fa6c3e9eb0432be8b2f99b0c5f7a162d2cd148a1a2129da981afb845,4.24
44c0ed6089afc9d344dcc19cd02cbffd24cc67f27b59e5785bd44df6f1ca2e16,42.41
b21788e7819c910e433842431efe866f5aa1a32727146386d9e1367422589ba7,5.75
eb0cb0074e3a4140c7683aae9ed4721f47a58c47dbc322d5039f110267294938,300.67
93b9ecd2855c4853f4c514ab7d21b62b038bd8875966ff8955f302656ff9e31a,10.99
d1cdc7846281e396bfae3ce66dc54ec3642518ec27133eee511a06ca01517f28,43.04
1acb43330874b48066d0742c515982cc0d9f4066447871121a076360e3cbd7ba,163.82
227643fe15210117a4ef955ca8cd25b3e16dd99d2498b8c366a57e8ac4cea54d,22.56
36c74a1431248a1a0171adfb4b3aa3fa4fd0dadcf2ddcf03ac9d2e13d9068302,3.11
4c043405d0eefa8e1c71683e921943fd23aa7ffb94d1233a86233c52ace64d18,14.84
6215e1f7245e2cd252c7cff9be3f4be114d3930a894e13af48be8cb7a24dded5,6.45
674bc0f5624c212753cc71f5d873a701bac43768eb914b7356714f173d9cdc0e,29.28
76969f98214cec3e51cb1e262a11fd60504ff7cb2d9826a21b5c5e555fcc81f1,29.46
ab8fb8eb63756c28a9af0bf2ddd7a010bf5ed4531e91bcc0b64af90f4861143f,20.11
eef4e8ce8d99c482b8f694f8edc7531b111e092859ac61b6aba45045b2c99428,12.22
031eb2968048a6b02c31314fcf311e4a6c62edfaaabe2d6246158f68c1727049,10.7
153a870471e4baf8539f2ce59a80f782bf12583af08aeb8d5ff07b9074e30d10,22.59
6f5075db5201bb6399f90a82573c096db0a4d5e044eb753a93607b55c90443b9,56.18
90f0ea307663e1cb7071ade73af10d73e13dc0bcdf43a067e2938a2f6096beee,0.0
abdec911ebd02701ae2f7543c4dd50111a838ed8a82ddef45d7f6a4d4a7928d1,29.39
bb7e5e86c4818c34999ba46da37da66f6ab42a047e49059e8e2294701c9b4c45,44.77
095e5c612fa90b6090473e1dc862b6984391f864d16d01afa7fa62880d2ee590,0.0
1775277699617b9df5c36a7d648e4d5f07e1a070cad937becb9a1fc137981dbb,3.44
5a8107512b5b7846d8f13f2b9c92c268776ed74d883a2cfa232368621e7bde0d,47.52
a74980f68cbf252fce12f69d92a11cc23e43a76d98853c936182a3a6db3d929f,37.84
fef9bdac8e1a7449e860ec25aff07548698bbb431b77e3067289783e44c086fe,44.42
ff7a676339f62ad51b0ae5c76a4d7623a157a13cf0c2f7bf3212f0bd462c43b9,27.89
2e20fd0fc0badbcf3976bedf8def161659c2dce8870dc2cce8488f3fc29a8892,0.0
3429adef98cf0eec501ff9d915b919587807ccd76b6dbdc8e068f4bc58ee4e95,103.38
94c7a95f99aa078a5d1b035ddb4da9f27f5a2858ee8dcb58b3482f8e239111f2,0.94
010c384fb45a8ab5214257d64fe8f276de1ef174e545c2050a5b3f79a2ae7565,132.86
33cc7b5f37ed5b3952295ff8bdb94cfa53c55e25c1636b8522bfb324e49eb56b,34.4
55cc84bbe204acd62d0163022bdc2940f0c27091b61fe41a9b8cc21e6d54a3df,0.31
72ddd504c8a474316f0edff6912f9df9ddf398fb3ad911d44ce2b52077a68537,0.0
8ac2ef444e03e0a6be011bf855041976b0797241ce8d5ef38b6a1382cd3a62a1,82.48
ae78ef4cae383fc6db35f0121a2e5881078c2bfdf3caf958591aac4f6ea863ec,141.59
af1b08fa75f2301bd57b018fc1b3116fc492d75aff495e51f2affbaf062aa9a9,1.97
598e25b4d636e88995ae54ed27da92298945b002859c83cd09ca17614159791a,17.18
b74e62785d53b62ae8482bc306d6baae039da208b910c68ab527d2396d6e6556,133.33
4e0367fcdc657c436c4d5922ff800dc782bc5018d477073f6018b5dee68e9a8b,10.67
4efd2ce3ebf3f710092cf63ebeb25078ae286aa02e127f640eb259fcee993d88,369.59
fcc62fd1d3e90dc70b96dfa9e380bbb817f7723e28593fed043f1e4a5fdb60a0,14.04
06e73f522d0230394e7fafd8ff3f9dfa4f1f9d7a953c811ecee091b306c6fd42,4.4
650150ff2fe45d7de84918012ad0b1cc0a93737f98e3ef84eb8a0a3037c326e7,118.26
972932ca9d2a059b2a6fc37c061310bff12dd9e303ddfa3bc7f1b0ae77a0353d,5.34
f2c2b0ef5fa94b593eade75f80e192dcbf243992e2238e98bd0cfecc976932b2,0.0
13b968027c223421411987b5e9343c06bd21986e4d519d2d41ceee33d7f0cb01,52.83
4268cc89bf2ad8bddc72bb71f43f6cbc3f57f110f930d3b4c0dbb60efda279f2,1.6
466336e47ced0d3d74d2edf52e93d461e1edc72509db7749741009c71314380d,0.0
de18660580c0eb1b8f8926f08d98ee4f81784962716daedaa7aeaf14b9e9a0ed,370.13
e00f40eed8cd8eb5f93f929fa0d9e8c9e6f2fa23bccd08e065c9e2de1758a2a9,20.08
e12a88347ef20af5c3d64ce16f48ad6737b3a6bbdf86197d9817a523eb84eb93,0.0
ec4fbbb33009d45d3914ffe86f85d41307bb02769f5d15806433f7f4ab8f4777,15.94
0ba616dda7e0e56dab4f21a300e333e986dd536d9b43b66def9bf2bce0261d09,1.51
347cd12461cef9119357ec0c290d5f3303a58397540527e70c4e114d65dadff8,14.81
ce31147f016317b4b40f02a2f64702f6ca51c55d9cd1f8f5d2bf4de2e277eb78,49.13
ce4c999b047a2abf2d585d26d46dda6baf852f87725728b0565a51dc5c5de16f,48.23
ce4ede756d0b9d1e9096a6593e3d95d596700eef482f904c70b69b08d63eb2b7,136.49
e0818c9a808dc2cd78a2aaca497bb70dcce1aabca250c69594a2db33e8fe352b,8.77
f0d20326965d9ef6dffb8eab489cce5bb69645ef80f7461ffe5e41ff3fcdb0b3,6.05
f9cb691a646362e8b5b30af1c6c818232c7eb57405d99599d476aeaffad10095,2.88
2fb481c559b35809e31ada1455907ebc298c2ec7af911039ed76b942bd024bea,0.96
8fa62cdd8aeada641d0fbb892e1cc87e371be8b41c12a3234e5970caee6926a0,2.48
b5ffdf4b1718888e9c1f65523ea85de3f49c34c86b27e48e298888d971fcb769,0.35
dff289be1f0deba3d47c5f03b687c8e45218b7c0d2a781714f6b9ac0b01bdbda,109.85
e4d33c8c268c62d0af983f8461dd6bae68f6468d666ff42d1d4ba3ae90d59338,109.11
f1b7d16c36275193a534c6a69e33ef1b6ebb8d99d8c5759d64fe141710b030dc,27.44
fa1614170340806a7877ea90b6e089959f5f5e87fadea10c6882bfb50cb7ed78,8.0
29d0c81478997c48d9ae7de247de97dd8a8119563bf9e54c97a3a6d988bac2f7,0.0
31a924131fe40b703e04fee2129ac7a9b595cc59bcfcb973bd2dbfd06a51bf5f,0.0
45944d0156f1468b38ed630b500d7ed256e73d95dec9868ef73654c015e472ae,85.31
51cd66a5d7ed56fb1147b8d17dd7199b0dc8e61ba3cb39e1311dd3223fe6338d,20.67
9407a4ed69adae889198dfe570e97de09fa05c4af41557db00c5fe8561df8526,0.28
9c22e6154a3dbf850bec60cf8112fba0a15057bcb9e8abcd4e169daaaa7b0f10,32.34
d47dbf0ba5af8151613d57f3adb4981f2f3adadaf58634d898e4201e3d98d404,47.8
df50ba6a639f51c925f0cac46bc83b27fd063734fa42abb943b81cb09fce4a9d,71.95
4e676f686fc9e92a4086f9a688553299f00c6ee53ba2a87ad9fe56e4e1a297b3,27.59
5a316a3b5d94e46ecb220f81d1bfd60c6e5f795cba897eea941067e9647b99ed,33.93
6632500673f6453e7e55ab69f82809225b75907ae014010f793dbef38daf2c11,19.35
eee0ff9efd3728170518afc0c8c5c9ed9a770b6419cfc2e762df7b83fd29bf17,92.48
00f4a877b16a98a2029279f8be94605978ef71e42ba65b1aed39f193a406f1e1,48.71
0b1193b443c038c3e2b8720dcf1e6dea511df5b2fc71bf61b3b9edfb63af85c7,0.0
88ce37e3677711f077917de23eb77ce87c511508a299e7e5343c1e31d74655c4,141.18
1b8230db2d453e36d07cc4a045a2d5a1717f1cd231b1b99a749e57e8b51e6ee7,0.23
753a9261457f4850ca2e49182d5c56b64ce4f215890eb4b1ef14079b800856ad,0.0
9fc52226c02bb49e3805509234298f1017e48c95282f8900031a2f52b71d4399,7.95
c4b0af12d09c81ec4f04f5d5f96a1629749f1b2171a57b242220512d0d263b43,89.42
e8babaa486672684e5a74fdd0853dfbcda97901f435ce90e0e3c2cfe5bb4333b,72.56
ff29ab0536a8d442063225d0bc1ee7d904beb1268c7baef0697efdfd12e5d4ca,100.49
4de2a77336c3a83baa8f2d3faf4956465184a33b0d11315e24e6591131a6c7cd,4.73
bd9558e4cd9f1ef881a5963096ce9a05f9524cc78a1efeff045fe79c3fb47b53,19.83
cb2b3d3a38195de6b07ec75a953d6278a188d1c28adfd9b76496e1613d52194e,30.69
eb7b1c07c36f76e9e198cf0ef6b8f8d9fa7e2ff2940c2e49ab6d1d4564e25eb1,4.28
ee24d24edf771ed5237c5f481bd2675fe283b6b7d5aa89990c1ba6c4c3390cc9,220.4
069717cc710366bc25c781f5e5660d980d9786fb1cfb9412c9f9bbb0bdac2515,0.0
08a9e27bc8a08be63363f8f28733edc5cb4c36148b84cb2008ecc1779de9ef34,57.25
13a41d669042800ac679d2efd448e06b9dcfc0149842c680f7a4f4721e7a0f82,6.11
1a2f13583f8a7d3750fcf23ad1a711da0b72ef2311d1f58d97c18824718fb14b,35.17
69306a8864a4787e01a5ce9aada9d8e7b1d578b38dceac264c759ee17512f8e4,62.18
a8d854bf38ed7b80458814ca99d079423621b39cb56544e28335904f37cfcad4,53.97
b1cc6a898d591ac65c8c6a9c2100eed9d48e05c3c1e87e3d0f2dcf6889a9dcae,52.2
6f84ddac8a4e2d982dadc4a1352f72628820679647464af1962308e220b75160,50.68
c53d37a31d35f10ee86aba8596092c70a30528824d0785cfce4c89147f6952fc,16.17
cd96da91f383f4f418eeb931cd4a43c1a8b7bd6c9d758a8c5f73dfa2a91cad7a,223.19
d1e7a074e126674d26da56581934a5f1757297d17e99f7ec45477b743c63fde7,10.13
d440c2c2d99d9f35dd3e9182b0a0e58bef11444497e37dfd7cbeb886f2f391b4,10.51
16dc1a571f9b71dfb743857132dc18c4caf40e9f3eb7b31020d2a32f3e6d0a4e,0.0
38c4c7238049f01cb7bcc6325457517f052af601192ae9f664275de8f25fba7b,6.7
8e3d5a254660244494a13f20f05cb1e4e05a68ec6277fe046a4fb512ce691910,100.2
b581e93d9153097a95c5efd2363f2e8bec19654f5b5da26769bc66b643bb1658,22.51
1c1231e7a41a1bee17dd8e8111ebaef941525995f330199844fd9a0293edf9aa,67.16
2555069cad0e48eafb80c59cc51c652cf10eba9feb9d46e1b234ebfc126249be,0.0
2fe1fa2ba2c199ba7ce0042c75d51a0c1a70125b04525f32050300852babed9f,104.73
4e7e3805aad52033d99410533e9378324ce9c6b2ac7219f65703fde085beb080,27.28
856a9bd439c1c8a827bdb77ce14db2603970e2755501fa3400f014a2d876a09a,6.01
a7aa167b1f81ad52ac6de9b1a5133d692688e25ed3774c1678f21b1bc016c695,61.23
d74d133f70c5d1d3453407e7a9f66962a3b3d1ae76a37ccdfca8a33a86d97719,7.42
d7d5592ef0409f398ab805a2c9db800321daccfacd3c8167c51ff292f87374e8,30.99
f02df645bbf570a86e180c48c5662e5d3c27c6561529a0a8f94aaa7c70d30502,17.98
0d49db5f8f0429f981d76ec0d8ab3fecec54eedbff7c0f66e3ae0cc73887acc8,1.57
2f247be31f65466310f6ab55b192eb8092dd65acd5b271c0655b12ebb1749dcc,152.67
b8952d5360278cc5360a238860cbe296161710090a685d49cce8cfd5f6980ccd,41.8
d452a27cf5d924ee3409a6ad3a294f5eb74fdc1d49fffd61ca3f82d89c19ef9c,23.57
e969843c309281c38aab2197b4b8becdd34a5a662771ba51d75d03328a051bce,38.28
e9a4fe33a9aa6999cdfaad098c347c9da3bb2f38470ab0a6f4a190175433899d,54.63
f97f5d80f439063b6cbeed30275322ad2d5c5c0bd5aaf2a0f5a0c82f36b0e35c,0.0
f9b8dac9a8d25836cea486e6895396623511362af5285e9d84d88dfdfa06a05f,87.4
53adcb837b9af58b9e4485ca13758df8be043d55fca503dd7ea2f6b427d2f924,2.12
67bd2c9a0a10c07366b6a8d74d3be5bd2c321f97c352a85ab7d34123da7ba2d2,35.56
7606a85414a4c2748e870ecf5848e7a93141f6d99e42183072d9ecd7b54fae0e,76.24
835c8f106626b56c6cb89bcedbe3ec06e319d9a97534cb6c831005cda8b6362f,83.94
863a47d6c305dee1df0e2b4d0125fe0e50ed137200583ac8889af79e6b336ebd,32.22
9830c10249b449e59d8eddcb960914b0927be8785038cd24354733c761944ab3,40.74
d2fe036ea1bd90b9419b298e5cb0ee61f8230998460eda303f30e9aea5326cad,231.01
6e1f472e59ed6081e98186d8098e437c528178274567fff3e09b99853e8987f9,20.48
88499b4237adff7f76e0cc843c9f806ccb7c5b09933c6b41ecd1eced7905b722,40.76
95730c8b284181ebefd1fad0365b9607346921cb004949c0e279bfeaa2639c72,47.26
b0a19d52f14f715bcae1d94b224de282ad413f6a3ce86b46e14a63e64b3cbb97,55.48
fd3384704a338960c78a4a0df701d990c9915078f47fa841372adc6a79584597,0.0
7c3e5dadd6c0d71702e9c26a9470720db160f6addb88eabde3aa1cdf4b0e4bdd,41.36
831360bcaf65f08f8ebac5f2e949628ee3f4d8e7dd7ec4fdb84363c9ec674250,41.98
b5f13da5bf7d25fab2aa01cc24b3db06ad2cc24b74f97a3c3e11b32d572f14e8,4.39
d509c0b7344862c0c76a3036ca83cb09e517104882fcd42231843f3ea8ba056e,79.42
f846a58484ffa74bbe0702e2fdc5ee52f324358ee421e9312a7504b8ea3b11db,0.0
67409197c0e71ca690213e739aa174065822d48a147e5d02c67b6bc5bca60a05,161.73
87c2f342e40511b1ebc095de5dbd12f879d0dc52be7323d4704b73ff60f6183d,9.65
a6d1b7921a6ef69d4bbbe97f323805c1708ed09e4ef36a122cf28da4c3c198fa,26.56
15e3005b2d8fe8c74c1c012287d12483136accdb50cee700abec8e47bbd305c1,0.0
2300fb3508b6e8cd29e7f23d61598de6886eb92238d764d6bd37cb299b24eb77,228.55
7e1581c5696da6e00fb511f8b9ebf0ada660f9bd71bad505a1d49097a39c4939,8.77
d413b5fc77865266e0ac9933151926c01461c085a50f50d830dd4f6075273e42,74.75
00d6164ad0d97a07a8ff2fbc6e10352736e4a8c02be283731a20cb261eea4c46,6.03
6c9f760eda1b354725adc51755a251afa1142ea78c3fe98129243f15b7d76f09,64.11
9bb6c3c1516a6dcec5043e45e9b885f4cd1c737e189202659a9c042d9533905d,40.09
d62b445af10e09c2ea7a88b2458581b6d3c4645fea634359ef3c448327ad994c,173.24
107dce0649e932080277cbe148aa55e77a889dd18f9be4e444257624f77e3552,2.82
36918705a165681a692e4654fc819d9b3c54c90ff0bcb993e80205d60229ec37,272.65
4b7d8683a585bbcf1f74f5dc1c397cd893e9679b0a96363ce707d158fd1a823d,1.91
89428a83c6e9d6477b6d101641a95273cdb6696a11921f6b97cb3c2bf8ad6fc2,3.51
efbe143287afb4b74c8f20161d28dfa9eb35d22686cf31a40c03dbf9e61aa57a,19.3
f89900ff404e7f55f912a6eba8ef9913702e39be7b86afa6692c90b4d943c940,30.01
2475e108414a8ca7c2172c25d507ad5ce3805519c2b143325c33a9d0150b6197,48.84
91753e5441e5ad83a4e5084f0883cde9130ffafe4131682b7962e91398fbce3e,5.87
a201f01c1647f2e0e3714e58755ecee496c69dbf8bd5bd17afce2c524ebf63e2,70.94
d0b64fc0ea3e7f74365178186bfa4308e05ad65a8a75333407ea6cd204e980e9,3.81
0234e7b79d0c78486d6f5158eff1ae12a695de901566a353f8ca44833f59f1be,8.62
67b0278fad8d2079c35da94e5361c5326e6ba440a184d37f635f2ef647703390,7.44
8cc6fa33d665051c9b81af13f298fa0f5ddc1dd0906314dd2b8a1d90cbd5d3d7,48.71
24c0f98368d52f3a8b250dde9601d77c92418ceae7f07151992648b34367f787,21.26
63b2c7fcb6d772bdc60136239d87e955a0135b72a16b6b185c7c8672503eb8be,41.48
74362cf31062b95a3116604d55b6395ff05e8ec5a588329db53d1cd19d2825fd,5.58
802b60333ee0b9dd5d2d1ecd5f8d0ae055e09bbe2ec5bdc21d371f741fa70b68,0.0
fc1d9fa3c0cb9b0060423941a12fc7509a7bb882ff399faa4b4645b4b650772c,17.6
0307f16bb87891bef7a537ebb04b24ba9ed4514cf4e7ef653cca8fddea8bbb8f,12.27
28623b7083d4f44e8335527bbe992c8466c1c471cefd10b2133e4b14c7be0942,84.45
372ed2d48d059dad0e83109f8d92c4d929205c595c79356b46bfc893bd76314b,51.6
70884a853dd6487d50b86919f834cb705d3bdf75b6cd7585fdfd50f448fcd7cc,43.94
8ad41aeb951fc4390c78bc5915c8fe20478c61c3ee0195fe846f47057994a3d6,18.17
97f286b10ce9d0c7c1b5d7058f13b80da24d6c19d0c8f7a56bb747828cd5fb2b,13.13
cf997b2bb7b379274c5ad0fe1981bfe407475145c772bca8f1c99d8c252bed62,1.58
17ebc74b419886db6670be362926f02ff4c7fcec916a015b97ccfdae9d7d03ab,24.57
7f73f233100fe0d288127da02f8414cea39cebefd1290ab008ea3f55aa123b62,49.58
9c2b9724c998f75c305240fc0c68023032dd9fa21334d869e0b80a71b4c704d2,139.78
f38cfb930020117fcb4161ddb6377b9ba190d3565b1b47649a73f1aa6e5223ea,96.05
500c3793e658149fd3e437847aefe61a178c3a2d771aa08213ec8f4e2dc525d3,12.36
754160b2e1514bc6aa42d400828af4f1f33572cc520a3a454c388207eaa7cdf8,41.86
89c62dbce370af53e3107870209e144f02ee67a59022a35d2d1677450553b25b,57.28
cc0481aa577f1345c76ba9e90af3ba5d79a532dd194e2945f760fce55caced81,98.66
e4cb53a3b5eff6a491b507c9aca472b091dd2f446bcf8727c085669eab6f5100,3.27
e8a50bdc2ce163d3855d4f895cc5bb80bb2ff643882fa142be19add005853805,95.93
05a11ac766fed1421a55fb3bc5505b45ae1474762848775cc704044224ee73e2,2.26
499e9932df70aa93152f8902832f78c8e1f8636d9cffd449f21ad376982738cd,11.23
892b2b4a87e8fd5eb725569b0bc4bf5c738803fca3adf05398eef4203767618c,60.26
de44c77fbf19f85aa6048e74ad0997c4fa2bc13882328d9068b792cf68e8f3fb,6.74
f2b49e6bc526ddd4778f4b68e0bc5eba014b5c4190bfe3417d535b1ac1f82f2f,54.5
11c9158ff02f798bb5e63e567c5a8abb989c3460889e42d8bf0fc5c11e8afd48,256.23
3d1350aae25263e12dc93867c72cd5021eff706b3a3f624185977d99d62fef23,30.48
3dfefb729dd4810d2ea70bce2447a80a09ec92b7bf874b24947a16c8f4619033,33.77
e0dc319d7ec27e8e90154f350b21398faa45930403312bb4dd6fda0f359b4b97,90.85
ee2539b1f427ca7f318d0e8ae14c8c90021e532e2f659729f4de810ef4ef066b,20.47
0801e50a779364d971be9f009ca662eb4c424eb82006b4a94b9925ef5fcca0c2,38.59
081d7faa4177b6e162501caaf9a39375386b5bd24d9477cf9ab399178a7ad515,149.04
3b73b4ae808f3c16cccf1b8873a69b6b38cffba7a3c891424f9c3dc5989edc02,0.78
b6782014015dc24ee6b7dc0cf9c1ee2d866056691e21926a0e7555e9c32aa6db,0.0
ef6de0f0731ca68d1476bb6db0fce7f68c84edbfd91ea53dad77f261f2aa03ce,0.53
2d69581be2d8d41452affaaf9e5ae736e228f7274f5d9c3dedf8bcdd61cf8122,19.17
36a6bbc45b91b8850275f12a8f2705fd9c7f906017aa7979b72e7c318a6e3976,32.06
6e706dc5a3b18ff83b6bd2ee705900793ff531fcf74d3e5f02fa5fe83508c70f,310.02
7a03ca390f5ef6b5935b02fb1e6cdd0752510c89c49a8365422e26b70d564ac5,2.57
8bd0b40465ad1f9a1b1f18a2e7dd02e72e09b44f88c69800b197fd0fa3e5670d,13.72
d4d989be8eee85af1ddac91d7d723acd68a8ca00e4ca7525da7e0028579b0343,65.63
286fddfbef78c5472ada7d363d034e4065e656382bd429a0550f3f422d0fe274,57.68
2c8f4fa1ea6f240742d2a534ca0e2a8471140cfe7cef76863a8365f7ccbcb5f5,0.0
64d3fbaa295db0174329432b0c6d0a69786a66de3b2f2bb675af752fda12b66c,4.87
75d8faf311b3778b70e18c614e0a9c77db90d84ce5a0a2dcccabe48e49b59c04,3.63
d7f2dc0e01c6e0e12343cb1d4094926f3f3379687844b5b5ab45d79082aa5067,19.64
4704902cf0551e9b8728557f26be30d8a39eddc9377d72edc879b9cd242a2578,1.02
9f358b5aae055d623050f29c4de0cf0920e51edf54889f560c99515641e9f078,83.8
ea5533e81668f178ac6a0bf0ce2701260b96b254e585f5ffe90ef495b758505a,53.93
0c2226141c1a30d0daf9a11c66949ab2a95df160bfa067d210f2edb4f0af953b,39.17
0d6c2410b3c7bc6a527d41c1ba94444e66f254c6b76133aef62586f6e0fa0680,83.49
2153a65e6568b91cae24b7d65a2b312fad38f76049afd54a26fb3008c466a455,17.49
4ce6417f90fac720d36781158b42f1fe156c5ea604dedd54556b372c9380fd23,88.43
79b68c7bd1aafffc3517af9a4f1dcfca90f5520e129b5cfee944f54c1e67bc65,31.81
8f78dcbd5137335c5206b7d5047df7aa61c3aee83d5720847cfe9817a2f124cb,33.65
d6747f0ad82f332ab5c9a9c2692d39208e9db63faa55806217a36317a15339f3,12.83
017c392a1cb14e17b91109966dc05b943fa7c5d29dd7cce41ba8bbe0d0234783,0.0
2b8e198b5748c3ad39bcb6df3ff1982b75421813729db120fb89dc18ec20404a,86.8
2f36ed47daea2380ecaffab93293be51613a1a262b7264176ce66841df61f069,293.35
71663a42338ff7b24f3847d2b11636e853c94772d7157b39b4d52e8596204f48,114.73
7faa1fe917c48b5ca4924748c3d114214403ce090e5f370e09a56eda4e1de51b,0.0
8e2a9919c4f0e66dd13b4d0e63306d9087a5e43e1a59ad90426752704cda08ea,22.93
9e271821fdab8f11130a14573c799f8f9bccfb906b655ebd94930fb3d5666c2f,2.79
a3004a8ac683ab615f55849ba7f8eee48ff2794b29f852a740eb326aa784922d,25.3
f14d22ba85b529c9d09ff72325787c8ee4887303bad26910466cccef07ec7093,0.62
002c17c9db976a1cad3516033b5023c5e11eff08fdbcb151bfa2d3c1b2250e27,45.14
087315213993e7b4e436dd8975b148c5dfb53f3e0ad85d3dbd4ab97b45d91318,47.72
16760feaa19b6a3865cd3992cd58f555008659b8577971a001084bab819119f7,4.23
3f8cabed2d2809c76e9933fabc0074d0f837f633d9fb4b3ff90ecbe886548f66,14.14
5621ebcca2170881964f1c49a1eadb73ebecbd0d09a5bb0f6aa69caad76d42a7,1.39
72a86bfb122a7cc0fbab8248f6cea71a2d79fad0a4ea84265573c18aa80e3bb4,92.0
7f16bf2f707b9e137021caecf048bf7937ca1eca8fc593b613bc75e52b8116f3,6.85
9d5d662aeb944006bce8d4f72529dc4e8e308a3ab4492257d003cb1b95e5697f,193.48
f66b034f5f74310a77aa0ba7174bfb0820153f84b0e6eaab17955a59370d2107,16.33
38644c29584ee50a12f918d85981f13d322a2aba688232a7e6ace825f52bf8f4,33.96
5f6dd24a680bc475e26cdf2a1871722e240bf415588083e8337da97610bd7d64,25.05
675cf76fb14db8a2f9b8a9458a2868f354ed1e17a640830d0caa08be2d307ea2,49.64
6de78a59ac6da67e3a8900785f18305ee6a3a33d91da6bfee9a7840fb68b8269,28.96
717b50e3bbeaf22eb4485eeb60df37f461b5603426153dac8f20d67151df6a0f,36.43
9ea672779feb1e088caa593b61ec51440c1d8694e1bf3dfe95554f7c9698c47e,10.96
ab449aff017ca08aebd713147e82be250d8ff7cdbac28a3380ae8aec945b45d2,49.72
e2d45c0bede7f45c9c751d4b46dd23510ec4bb33f1808f403b35919e29005d6f,30.06
2a561cf02abbbe815c2e8d451b7dbb911310a277187be18f6d1ab0446dc3570d,1.58
4de1b2560ed373b554e3ff84094f24df9f4501e82669d737633242c3208762a6,72.3
523e314c60326645ce2fe6c7fe615bd1abeaf2aea17b26d5965c9e6350481779,29.23
84f47a0dfd4ad2343d829d09f4626bdd696ed8b4046bf85c5b5d0e965f884d9c,0.0
88bc4660ed91489f742e3eeb8760986bbc752a1582b45e9fed346eb966007096,49.27
8a1b48f6b32c62b331c5b29a024c96de2efcbaee7ddf3af24058f4c252924c13,39.01
01ca5536abc5e0992c8e12ab57e93f567cb6608c6ebc1f403891b78a5fe75459,35.98
0c1cabcad9f6d0c5e061eb1ade3327d020e4ed5870df240c4473a2e833e28258,0.0
391a7e5380d412024d5dcb4620f6d7f80f5c63dd450852b70d3ec032a4de0e97,17.44
6daa80a8038e86c1537d9412c357876ecf17ccaf83c4cb365ed511243157562a,0.76
cbc998eace505a865093143c5bd5384802b110b7b3daa1b61242599cdfb0ce02,109.03
da255de5ef64c253b61381073f5b25d54fdea91a1963dd73c86cb4c7ba67a9ce,3.77
58ee63766549e3c75e36a4cadb8a9794dc06aaa6d6f6fee4c3d19f23ad2bf8c6,31.43
880ebdc883cd183630d95d9f955b8e2ed01cefbea8fc34e6dde90e33b93d5c66,79.2
9a1bb2056862fb5cf8105fc80197daac168079e5061e4107a178d9b09906ca53,12.99
b4358b0a129772448edd9dacb692c9f78af133802f9b6a1a49d9014a5f3af707,19.94
d1a900508ce1fbb117b6c9c5fcdf7c5733f0cd8629dbd37e7772d9abef6fc82a,50.05
06da7232b2161df26fef681f5363f31700aac0c077f2b83b868bce647372b83b,6.98
661bee265cb326a0066d3f033313968b2efff19212f09cac937507293c63dfee,4.67
6a278d34c73d264ba424bf63498d078025eeb33c4efb5610284ed9763042cbed,97.84
6f88b90db624b4dff04d67fa2735e4ddcc13e02573f78b0f6e4910471706be02,105.73
8e33784c545debb33b613a0101441326ee434ec61708f2e03229e487113f5fb5,79.17
a73226b297245c2377b73bc8edbc340ad1e6bb759f3641baac4fab091244442a,87.44
456a006adf53cd9e373ff4ee9c5d2d4e04df8b930eadbc16b46d0b145e60c6f4,0.0
c9057a2d5fc304e7f984c638faf8338bf849f4d7ec12b10a9357eecac4d0455e,1.83
db11b47e8ff647e8536893c51536922cbefdfb489f9a2652f52fc729b8fbdf9a,200.59
de89f2ff8fe873910be3c02aea0f24cd79d3ccfcb9bb30c6b1011f2aa5e18697,2.11
0a2768ebde5211ff3f171194cb0b5a3f52370450861b673382066789226a330d,157.94
0f153925256d3c7d4c86ea47b8b2d3d9bf2dd23bac74c796e420c607514c1ff5,38.55
5b3691a6446233aa0e0b0e2a171f07823a7290cb9f280d0236f4403ef4057c5c,5.5
5cc5fb7391fc1d73e21dbd5b381882dd30feceb0d4c077a1187e472a7bc7bba0,46.69
6261f05956fe4c7b2a2e50e7b21825aaab51bbc6fd58981d8cae0b9c07eacf5f,2.3
8519536e930ea0ee3e3a00fa904480d5332046750d71ce945b2bab2f980866f7,1.74
8ce07e4446806b259e03a18dfae8b7a4395dbe8e4fc611b4a45b3556aca9f8d8,40.23
b216942042f54f79920022149cc0934b141724a6929d615789690dd0250f70f1,79.57
113b59d1ecca0b06e219f643d4548a5faddcf8d1e53644e79cb52783c93652dc,76.51
3e21ee12b330a919f41f108f864cc515e8bb1a3e07b0b3609aa75705391f32cc,0.0
e872e0947df5d220a07a1fe792b7b86278e1aefc7f8c697029c817233d76814f,88.84
f90b54866360e1e9a0cb13bdfb7cd11f6ea3a2c87440e1be0bc3bd28766e4226,33.87
41dda2806f1aecadde22eb6c00f21d1a41a1dcd8356a5fa20b32523b5a4e5666,65.08
6c86a0aaaacc5c4fb764680090678c96011ca52d8162b8074ac009692e871c22,69.75
6e2583dfa434aa9a59c9e0db49197b63bbca274914be97c76a8d92a5cd4ab783,1.53
9669ef5c22ac9590de84883f5e03802b176c0b56baf663a45b0c507e7311bf1d,56.56
a83408f90abc0b90a37775395d4a330208ad6a6c16d263707d755d97e7e1ce5f,11.19
b427cbfea69c61ea588f5be4b0bd5aeb176281192dcc5b3a9232b08c1e31980c,4.95
b5a7497625d03ac42f2ce738f7665aa702e2e2e3a9dc0cd4b8a4305f4ede10a2,1.06
c36d3ac45c52042c54d3b1149895f7a15fa3a466028a57b49796d5ce9980e04a,34.51
047932250bc4de35f4be96587466e5cd3dfb25e543ba0fb3dd7517593329131e,0.0
0d6264731504fa9747562b5e0ac5c5593582d10521f9144938fc272da20a05e2,115.94
7183004480726fd501f45ef8be2809a4a3297c0e14b9606c793e28ec43780ce8,2.63
7f799ec5035f2a291ba2d67b82b77a4ca3c4bc6f5ff4a225d8a0cb90a6ba4717,20.76
9e3d43c134a89b674ebb83a98f60bdaefd21b9c7d1b3df86320bdfbadd2cb42c,45.04
a11c7a344a575fc505ccaffb56851a27c6204a81e21be6c604ebfe2442d89257,2.54
d48a98df9ef9f3319841817be656005670fd5fcfaf0d6c5d56fc7a2ea617011d,107.45
d9be30ca8662497fc16a08e81d05560bc671ee9d5e37fb62526b4d295ab40074,3.75
f18bfcca5e07c4054e1e89baebd4cc24293480580a70acbab228fc7a190a7c2e,7.33
f29632af4125b6cd239851d906b20d060f6ea849398c55d392444222b5726bd0,115.38
23c1b0615434a7120395a222de8b3345c9d9946ac6b75b644b0599969812fc61,32.24
31cf7af775d3104e6434dea94947a7dea2140a019fc4059d6b5bc8e0c98ee768,64.3
6460fce0ce2f0c5decefde93f0e7bd76a2f23c26d5d28e5690f88d85977b38cf,9.12
6a63cad90839b940d0c88f0db312fa99c6c1adc102476967bf9d98421c3a2105,161.82
758d34b523a434594ba2c5a466e46d026e3879fb62cbe6158b79d5d24a98710e,2.04
97a7e9d2d603bf166f7dc775cf94dfdba9a614cec060cd84b01ced47885228c6,64.78
9cedfdc6be9dde4f8f9223a1543a4a340f4f1365f036a4c41748bf6bac6431c0,49.65
a8fb4451a2b3cfd99edb3133c3ae997440de208b620a7889e7ff1ae3ce4008a3,174.98
c09c5fec9e9095d3579479843d7311ea8ae4f2e7c1e4f56b831c01efb95f3fcd,0.0
0c06d19d913d2bbaa67e4acb1937b7dee4e50705616a3bf667888d578caf51cc,43.75
22dab5c03a5215a870e76480adca3118e380af0e27f398b56517e8bc013118bf,0.38
253cbcc07c6f8ec038e88dfb4c6d11cd316f0e3404df85821c7984b746867bae,39.88
2762440ed78e8fdee686f6fa8cd5390e1011452207f333ba9b0e8fa01b7d8a83,27.36
4420eeb3b608f15937f463c7153f25e658f1e144cc1ae75b4e457e5a14da8f64,60.81
a10dcbe526ed323c32d07152e99817e32149297e63603aa5656809201744a114,12.5
d86741c941ccf6684d5dce1c45156eab9ff49eb0bb2c220af2e0b212db16041f,76.73
dfb9ea65a94651f6e307f7c3a95b4feafe3dd6349672e064d93645d6ba93ce20,93.42
e920e743f9525d52be08ac6e9f0e4fafa85637f6564125a3738b1553c20bb84b,96.85
1e6f5c6f7076ee70607e11cf83fcc2b107e31fa41c699df28750a1d3d5acba29,54.83
e6db6faf9a2a2d5c950384dff1e8b197bad93fce1673e3b9f729f576926ee264,88.44
14772de417cce860c7d1f4946c29ef97458f857c7e80328dca7c226eb406b663,0.0
152c3ffe8aaea522f6af32375e34e7fa78c2d9e904edd279be1dcbaa8f5f6a6b,0.47
804da9d0d0a18689c0c071cb494f066a4dac51f614ec74e010458a418f2ed04d,53.75
c1c62bab3eb4a57dc8520cf85c6097f9de31d842129ab365d6a850bc9288825e,0.0
fb9dfec92078cf23649da2605658de9011bf533df0296c594c52c5d4d454c33a,233.8
00dbcd0f49522e8614a0e363293b2a371f4083919b5d276524ce7d985970f3de,0.0
3886a4c456c8ae196d7ef7751dee4463de79462b4e54569dbaf0e2c5c275d9be,26.81
3c7414ff7496f326aa578e9d05a19d5a09969a03c2cb25621f09e0247e1c3219,36.15
c39d861537c464c5c666a2d3557b60741d333c5f66e265c379ea0db1187af4c5,35.21
15c1843d2c462c6f588807f1bf93ba0de68b8c750961a8040263ef0c47de79ea,43.89
89449f6296fecb861bb15d77ce8bea977f5f2cb68ea955e56b564bdabdb00bef,36.17
b6d65c7d75de1f0e83a975d5e1936b059acef654998d37e0806b7dd3d265391b,0.0
bae44d761550579562f2eaa870a84b4a0428d6fa71d19aad70df86ffdfe0150a,33.95
c3d1c34a06d99c0c0afbb3a101620afa8d78955a49b83bcd04fdbec71b34e4f5,109.47
dbe97c410cd7be6f52b6128a4ba6dd2ee7c6e7fc4bb89c4d8967126e31e99dec,0.0
21b9d3bbb9f457d9f6d101c302c432a64964d5d79e84bda6a6c8a0dce67ec10e,0.0
298dddc0e516e7a1e409de1a91bc07ff9f312a6194fd16d51c99e2257d1b67fc,32.64
3eade493ee0b3021146174f3c2900008ca459c5df246f871c13c5f2cc3b0291f,8.24
48bfec1308e5e9577c988f3a2a7c71559dd24884ccb2e90355c00d7b41439408,107.27
4c10850c25f8d4be401a60aedd53b2574191ed5f61c6571f93fa04337f2c72f4,124.34
4dbf0fd6f379c39416ac7a093559e23816fc27f52646b809bd3399a0ed02a628,90.99
8140edba9ca3893c2978d324f47d3d830d3c46437ebea6d422fd24bebb085165,0.0
91deb59b829ace989afbf6ce3218ccd2c87ff05dbba4fe97455fbc424fa43924,83.02
3e0de5bff23f95a65dad183909c5745272aca9e3486b056b5c33d41e3c5b9c6b,14.42
49539940c0f934f55aecd8e0bd4f8a8bcd6a817658258061ef3adf3b9f0acd14,38.01
717c8dd6f25f5d583c58b291cbd1f69cc2a70175bc270140fee2dc548455227c,1.52
797161021befeecfc6efa624f302a6a314a93515eae1d99168d5f87758535947,50.72
942dde6b3107576c86f3b6aa44ba2a2392794617384f4f3272bf6fe1f100f19c,14.48
b525407f0292f3b77a1aa8b51e8c1504224942aa4767751cc4b86053f134c2ac,144.13
c1dba06c7f3f681c5db8f2aa5d93b90a605e2605123f0e7f7ed2a37eeffc6a1a,0.0
cb2f1813688a2f733326b28e7beddc97f7e363385a0acbac1f2b7991ad5b48ce,59.0
d7bc9b0ecb146920fdd99683fb97e8bc6eb82e45b9ea40a01eb66724a11ad2fd,271.34
d7c9021d1c7cfb9cc7bcb4b5e7bd6110c59ff0d4764ef3e6ec4b958767f1a4ae,163.85
e342e4ab5ee4f13570aaa6af4abc76b668e221390fc03563555da754a8812581,44.68
e8742e7fcfb4f25a80b4dfe3d49118532374162ad2ad6115b920c08c06225c5c,72.99
f45280051ac2b509ff517a3c314e126b477bbdf8ca17486a663f292a3b5348a3,8.11
203a5da3670563e445a35b58d70e37f839a1bfd893111322f100c41b6d05cc90,4.01
3bfdfd94f1eb9561e21a1ae96a8e18b5dca7acfeaa5545919fd74809b84df4af,13.58
df8fe7254b7617b360624a89f4186c337ed7cb618ce2f591040a4f860a3a631d,136.01
e80c17f095b59318ce72f386bec894c3a117ab4a99ee5966a4b4770931d1677a,141.73
015651b9387e4526d8b34c69bb3c254a22b77ea8afd15c29b88d33f5df10c4d3,111.47
0d11d3c5da69b373fb6875323e44564e57bd7c3571da636fb3a6c732c11ba033,43.71
332fe4d7277a0fdfb6603e2d712b6ba7a9ab99b34dbe1fb4c02ea5e551c57a6e,172.0
78aa9e7333ff707d9b10e1c5e6104ef5abeb2d78ced6e3022e77ced3cfeef81b,23.85
85cf12b7992828ec7ba8620e50d06d8d2e7baa9c67a0c77d829358a5df38f132,44.82
88376b496f6967000e4f2b13de2641f377e445d84d770314c6284fe80080bdba,14.26
b860c0e5ca617ab27c56c3daba9cb63e3d58019fefc486e5d0a30e65b196d622,73.37
da63fd3b1a113fb0fcc8514248f233484259d7ecc122f2a8f0d1f45b81c26e2c,220.73
ed4f4306ccde3aefd3fa187834ad7f0a4ff1934d8fcc3078bc6f54a06c37723f,152.21
190e71984248444b1141ade1343eb9765aeecf73361386ba8ff73b30e80ab083,126.83
19280f487adaa2ed8537a8395d24895e1d328ed1ee5c7c484f7f20b2eedc7d14,87.33
b0b042de81771f24eee61dd405f7fab97bb4bc3347c8ecda8e65c51b6db746f7,24.38
d9429165c0d5c23ea0572aae4627262f1d383327dd337e2953525661c13da518,48.42
dc6e3b4eef02190a31ce4461406f5d75a66842f6f146783bbf3f301ddb1e1593,73.23
edb9b60773e0fee19fc352ef3e68faf724eb492e0718e610694a7f0365f8b352,2.92
2463c00e8c8528b2f72524f021c10813edaeaa263bb3c3a1c0e1f8fdfab430b3,56.66
5d4732e809c1d33977d639127a9bd2b07fc519a1e6ab627e3b4db5e2e5187f46,64.36
754c133d34bc5ab6ee73609e240e04ba0a47b892fde852566ab64d30112f8ad9,72.13
7b68c8ffe8e116aa552ee024fcaf64017f5462336995ddaece86739f456670b0,46.85
c4800224c884238d434be5d388eee30b880d97efdda915b9356102df83891f9b,2.52
01ad3cb18ee96d64ac61c82cc40968f0ffc4e39b9c44803289b0f20106b8a895,248.34
10e77342a277861ba7cb976eae7c0ed57c40802294df6688a05a5330cf9b7f74,34.16
168cdb202edd09861a7b381ef4ea7f2807fc32a98315e5b2cc6ffa2e40125cb4,123.37
553cfa33f38b02035caabe648c782b6e8690571215d46ce47af26d05d23acd62,1.86
890229a3799b1493249b8f96038c707986323413b6c32b2c569ee6284a87b234,48.28
91e394a5b8516cd9e8cd29138cc1352cc158afc2283c94f466c6497706dfbe89,74.39
97e27e751eb093d1650f1c88be27c2e1642fed6dfe66016b82740d658fb95a18,37.04
9ad68718f34f55eb4fd1d33a5dd29a0dbe70e2687aa363f4c03d5bf5687af2ea,34.12
bcd47b6e312623cde6b0e74458e10d425990d8912820e5a3c547d01fa7943f9c,0.0
e84e0bc3997637e773a13900a94895e2e15a3726e4949adc3c6133ecf04cf648,211.36
0d5241bb530371dbb2741093d2a5b79490d28d2d9caea29144f014d45427dd35,0.0
341cef73c1abbb7e718b0ae250d2991c5b6860e70cf681b22f740554e706b511,88.38
765bc4f79d9be884d88a99a736e4878739fe2c037bb75a7d408c54c40c6fd5da,12.11
76ea99e140e3779903a23f60ac31a7580f58884824161c0c01f9d4a923f90f61,3.79
8d08781fb014efd11b0da50ca990b4f607bb53ad11cfac2daab835f4401e37b8,13.13
95fa6aea1b18d1c376c0904a2db6a922cfce267a103ee02abf858c34cef355fe,18.22
b0ab116d45f34af8277a01e19d4e11b2ce0401a8c0706a5f08a26cb2ac92cc48,190.48
bb9f792f2147ba98f57c8dfaf24af9f05326fc2f839d67c607c410a331f3d596,3.9
dcc9e05d3823a6df98368ad74c26171a19a1018901c526033897af9fb772219f,14.96
e5e0c1f6be81aa541b588b49f9b44ece2a670481fa38c163b8d355c325845886,11.74
192203fbb8ca65221c341775150ec7be3c3e72c35f299b6d32055a09b224bcc0,50.88
36a4cf7a9480bc7e843f52085ebc150043c711a22b99bcdbf1942ad2af7e52ae,5.92
77410ad5eb1bbd24575ceff28e9c4e85d68f234dfa64d6a29087038615a06d93,0.0
89fa6e6f51dd7eeb0f93af942c4a0084e99598971efc3862918fd5bfd2adaf96,0.0
e218a3a97a9fd63a1aaa748107e2a2377cf2950c6de4cd04e04dd25c0668657d,72.02
36d0d0d9bc769d58b92ec04aea49c39c012979a6bc41e06aa0de7ec5540ddc0d,18.88
69a58581f4642657b1bd340248dfd06ff2fff2cc4cfa908980842796842d9916,0.0
a05424b41c2b63656a301c58b18ddc093a2cb639b94aa13b02d6af540f8b8ac0,65.01
ef1b1af998a6a019686d031f680d9c5a3c1ec8b5392a7a50face48af7d6e8889,225.76
0b0c13fbd39b4c7d927845c3d72e01185344ae330e91edd9da0e69c0d2752b54,173.23
5ba1c5c41fbd20a6035cb1dbe873a55265f20846ad6c7278d459a5850ad0a8d1,38.46
7e9f19444241b55761a19d62ce279244806c13b49b93a3474fc4facdf35c3dc8,50.33
acde3a538303dc35ab769a21b1139fe60b8c7247397477ed200adad481a7d78c,82.53
b4d44de7d6beb0fed30fa78b19e75cbace5509b4cc1d9ee7dbc3835776bb358e,60.56
b96bd1caf9ee939972d64e5c423a4db4b3b04cd07ead50bbb37720eeeee20c35,90.91
e47cab721c2c1cbc820027a7cee1c200ea3362876058d0913a52df108913b41d,3.16
19ee83731be4a519aeb4583d8b85d95c30d4b7fe0fae4b7a09980f2994e94b90,7.96
1bebe080fd38dd38d391775be06cd98430e24915a3eab7711e4f8e0b43ede33d,3.57
76a193f7219b4513e47faaa8b9a361766e2a810c52c622e07764cd8c1145a301,31.11
7e7b0b3a1f30d54e673528ba15f2ecd6d4a9dedcd7304e629abe8ab4dfa553e5,21.25
958ab0f7ace73272f399dcdc5097f35d73f270f1a6f66c2c795105c71b7c38a2,52.73
95fb25a02df549ab116172dd8bd782e749428c1f94954fb88cfeadef099f270d,66.62
f8be396ef799fbf5c8c8dabdc0b97270b98154fb013fd02ca31c85fa3f8c8440,32.32
77fa675a662417b3ee86ab5a92ceb45913e280cc8515dd1ea09e9cee73447802,29.97
79a3bfc9bd1cc3e1d8dcb6cba27de3ef24021e8d084e72c2751e36e380d930a0,28.61
80ecb0e4dcf10097fbb917409acb1c57cb973211facb9c8a21f99a01f0dbcd79,38.15
9add19c9fe2b5ae486ced8833b1da11dca0c88646d7c680815c220653f581fb9,40.01
9c4fce31f75834cfbecef2cba370920025baf240d995249f1434eb1e3478b45b,2.74
b68591d65f3efa3d4fa98ff24d5f97f0db058844bb6abc03c2912a156badf9e8,21.32
c466a0f31fd3f868a1d95dce24d6ebd9cdc511a092b7e5d842805424113b6439,50.35
dc45bb63f9fba13de0c41b839232b79adae24d90f28d29d453752a411e89c2b4,42.19
e149cacb79b3e49c3591ae0a267dbe94152ead47e85c4f91d0891da5e6bc2b77,74.25
a5ea0f884386e9111a812023637a35e5d00781946841c2f535ac491f0f4989ad,14.86
c8e1d27f6c16033e88bd263c2233244e8af596a33c6d4c23cd433cc24090364e,325.73
ce08b6995a1d72409dabc1bf2c7f6ac930390f9f7b26720c91ebea20cdebd41c,103.88
d4ab3f0af6b6bf0ae0348ee94818ce171edd998264b4d4a16f41bbaf9ba1dce8,5.54
d9376cf5aa3ac881f31d12396a45c6e46aadb39980d11f319e9584c807d369b8,161.59
1900f6dc671c093057c74e2e55ff43173be715ca3d22d5477568d586843b177e,70.38
3378aa355a65ccc88fecd6b2f6c54688670ee7c4ccc77993ff946e8709801d2d,18.7
677bf9f773adc01c1578d2f2bf5d49193e2693dee4c034cda2d0b81f1266316b,10.7
9285f5ec865d96407bff403af1010a95c0c11f15b57c39d3a6b94e4115dbbf2b,71.58
9db438f39f55fc0ab2080d013719530f9b7d5f4d1b68685d4483075011a59a84,71.59
ab34a5c551807f33958cc027397b33a8536bcfc90df42e3c0b19d26e8008d814,25.23
bf6c66a81ef2e134c185e20c4be89d5f5a667d3c493945e19c62d90d493ba9b6,10.79
e4bc1a826faaf20f8a11816f6bc4f29511749ff574ce3e5252160c2525d910ba,7.04
e5089c58fbde325c2cde5aedf4f2196085d066419ad44ad451a6aa7ae363f2f5,34.42
faaa186511a7fed82c031c9b66599bf50eb764f44957fe15a75dd39e4c7ab9ee,30.37
05e48279b0fb7628505ff96c6d31de2b040bc16bafabc2fef11c4c8eb0f4eb4b,64.73
0d4827cbd39f2e86f15151ef92c8e92ed7ce84ae45a36db4df56580dd3f2e6ec,10.32
6bfa3c7669e2b7377869a930cbf50bd9c2d23fdb74cec59658f1b248e0c1eead,6.91
7c06f0860a4b28c8d3a97f2664d0e5a6832a5592e30bebf92e738bfa6826ed7d,61.21
99b5504763101c2aa8be6710b2ed4f3e9145876b1120afa4f00f4758a2c9d27c,7.46
c1b79e382a97fe4816f63edaa55d4a7e00cf904d9a182d2d0cfbce2707df7bf1,88.51
d55acc4ea2c924a7f48394bef9dcd9e7d23248060be4954d0e3af8dcb5934c97,38.43
31006db5badb3758207f96a324c0f3fbd90e34a47595eb08c4bfa8de075c2e8f,35.34
3f9265969d3a8dbf6049ae0870056c1eac896256f15ac804baaf3ebcbd7b54c7,7.32
5117cef71f6a5d3d51156d53c30a0b512a59affdeb54ccf6d59ac87f8396c874,3.76
52a6c78c84a321da19230ed99265111b224bc5ae009e83b904e0670c4be711ca,142.6
8961871b5124f7d83c165fe6e194c2344912734f61e3d7d50f565863da3ab042,8.33
bfbc5dfb0d0507f038248690f20ffb16c8e74dd08a09b077505574fe1df6cabc,2.35
c25917c569b855c89e92c1b7f563a6eb4a4a215bdae1c14b43d179b5cd219408,8.26
cea8988f7ba0c677464396a3573bcddedfcc681e532b012cb8b7627ce918b845,28.94
07a858473e15057793797873baa83a8b5289a3ad443a328841497d62f8b55df4,0.0
53db68c1cac34e1a80b28fc44961536f184cd0dead91c83440ec4a46b94eeee1,265.71
6ba59da10cd896cd7ef5a346ecfde403e81ef50565c010d0d2de6cb08f4a5d4c,0.0
8df6c297c3d0a10b0554668a07c43f6e089176d5260a56c5daab9453786c646d,42.95
ad49941257e2ef43546d21ae9d08b3d80b6df5757e1f9fc738440f53469254b6,187.37
cffcc59959e18331899225137657cb6bfedec918696aeb64d0f2ab53b3c31bfb,8.92
d5ce93aed3aeb0afc13a27b48e34ddc7884a14c3037f9f8091f2a300275d25a8,0.01
e013b3be3b0c66fb17b36f7e4aab37b20267ce91fc616e55a09505d816dbc8f6,37.92
ef59ab388216737f944fd80ca7e815419dc6fcdc2498885d262bdc457735d318,36.25
f75227cf0ca434f7dcfdf69a08dd4b48272610c03bab1ab779dc9d72c715aea2,0.0
09cf7d157aa098587a875acc07a5fda0f663fd9e1f7440bc6ea737de13c50e94,20.63
0f7683b5e677736d9e82077f7e9f6ed6bd83873f47d51faa14e08126b6f60baf,56.36
7c259604073fddd8df155878fafcca4b0696a36fc4d309226cfab5d748bf9a38,9.88
80744674a332ddd29e199cced12979857bbd1af49757821b8396aee1dacdd7d2,0.0
8891176def057d9be2b5e0320afad517f1a912c2c77d641ba481f659fc2e4f69,4.89
ea2fdcb28cffa4012f61be9859ed3500578f0f0e643ba63ce089b46d292d1d7c,337.77
f23915269ae50b43fabf1d341f6118da361c75c4b7b06ad9acdd16481a140a65,210.72
4a426f51ed2fb6d0cb74809d1238060a0c225364ac9ec8542b813d4303eff5e9,63.26
cba9ceac149b0f043c25703a3eec0e1a53462d08dc741c7dd0f3a7cfc721d7b9,30.4
0dc59733b89e1a47cef2c3a3d56ffb3e28fdcbb2b2e3fe89af746901e494f34d,14.54
13bf24509edb70db13a0c4f88b80fca5a9364a308e82609cca142e05cb3d34aa,79.27
258555cae4c32a0ecafafcce3f712d87b3edd3cd9eb271502ce0849290841836,0.0
4c2b8f3bb58f3a11e8eef2b210887f7d32d8973adbf4cde4d79c512f2b30d0fb,0.0
5d899f346d3e913436985a7fb7e9732a2575edb700d8cd17ec87b8d31b5cb38d,57.75
623d24babbff75cb729e612a4afc0397b9a3d3b835d699d386ada39367392797,74.93
b6c78cb49913ce2b317136ca4e02d602f45566c1eda1f489723d6f5c5d111413,59.89
ba53a61a7c8f9544568cad815a94eb4cddd9cb84e1e940202070a0b9fc4c82d2,59.22
ceb198025c7b397dddeb60f7b2f82decbe142e80dcd4758967cd373b60c5dfa5,89.38
056ccc0e6e0230628e25e89260b7817794461e5eaac8a6b56b48d34f0f59183f,25.49
0d8ffa0772c265313ef4d7a720d997c524c0f21036f0e249aa0ef41537210d2b,14.63
116bad94ffee155096fe4a80d6be9886d4b1416e5181104556970b443edddb4a,59.16
34e577898f9dd639472d2eead79ff2b70dfbd0f822640df73e8e03bd7beac139,5.22
4815b2bf18a8379842a590ecf3d30b83a45a4420cbf1248401ba73388965eaca,177.04
6366f626af3903e8f7fdaf5606e0f4bf244670615f90125bc0cc83743c0160fb,21.4
f010739ef41caf432ded2652ea109624065c8a80ca704c3d16fa6a0a48453748,0.0
16d3b5b1d722c4e11325082a1a7ee28364c7944e5ffa5140ca9808324a1cda06,0.0
5dbe262e422db3727863963a82a835cca8e36183280ad2a8b7cdde2175787cc9,2.33
81b8adcf58ab750e6ee99f3093589d5ff5ffa5503dcfff8634595df0bb45b94a,0.0
9e3348d791093c06b2ba2bc7419c2adc7314dc0a29d6820b48abee11ad9acde0,0.0
e21dd651df80a2dffe0b391c41cdee568c8e66a24f5f1af89219ea04b78135c1,85.02
fe55ff729ddf6b7fc115d45c36c38a9a73e53df91f2da08d4fc50045bb648f86,0.0
3b4db7cad8ebc77c6250e992680e7453d9e69f692a1bcca652e08cbc6f099421,128.29
7847310bd6bb41ab09ad27389b36511071bca3c4a9d7f33b5cf2bf013cbc1d48,81.9
7e52a20a95b2017842507d30fe340912c3a4d875a7763a2fc0c86ecc563e182e,6.33
af00005a9a183acb1ad3204f3d6a49f8ad5b901c943193d5133f89aba2cba2e2,16.99
af9666dbc9f97b864c5ef3c9e12f3a377f5cc2fa173687b6d764d108a93d46a9,28.23
bcd4e5be462c28eb6436e6584d29794b881a27e11abcd4aab1e6ff33baffb762,6.82
bfc2d375be4873d943abef4745ffb19aa50b2de140bb8419b9d38929149fa387,32.08
7c78281d51ce965af87b4ad02e3a896b339ee2dbbfc74a89935f19e9a1a63623,19.73
8e5c832c59e832ff965b03a80e1fb1acb6f7a865884fbbef6f1a0311b477e893,59.27
c842b138b496e80de3b350cbae624b8683223855166a8919a358f750c38ea875,322.86
09c5793ac6880e192640cee3afaa8d9e5127585b0eae0cd722716d38022c7036,38.85
210885968735dbad8729ffdab65a63c1c2846cc6b9c71fc1b9bda21b30f56bdb,146.56
875a7e34ae914d7303dbb02cd7ee0d5567c2d9cb78ddfe16dac79502b8743a2b,24.67
bc7b6f7046bbfe0024a62b477c9517212c12047601e46abbd9ddf78f69654800,27.35
ecdbe8b00e2da9626636d871500ff34aed00fafa1fe83841608c82970400b4d5,16.41
13920768f9734c78c6dcef4cfd81ebbc3ac8363bc75e28525fc8e6140642fa3c,4.17
8fbdf399d9f26494d480be7635f721c516683f503a8007c60ce115f4d66bbe40,58.9
28f408ca30d6dba8d066dec01d0aaee8ac1bece473db1bbdc0a18bbd53c6d4b5,137.29
3924ebd03628e2c8e96c60cc94ce7722bd7577c8d5da2aabb14ff6697723ebb9,0.0
550cf383001101d860e9bd93eae9ed990a6ca621411dba47391d8a9eae80493e,118.33
6eda89949b752c191610c82650adc7a03010101e63c934195bb77356c1a7afa5,0.83
d4902a46e973864f599836831d5b05ddbc560f3cd05988c51fe041f02559bcd8,50.46
2638faa68ed45d561e6a9655534bb5e31c4d2a818e11d424b6a6119236b007bb,4.83
5d1aeda166aa920b3694ddc9fc3786783695d37b50de097fbedbc6d97ba3675d,64.54
6c1dfff67c5d5d7e48d99cd7a4bf01a64691c0a42752550af52eb458461accb9,0.0
c673e629748d921cdb1d621af7378c9d5c27ebaf997644555e5050530a27b59a,124.79
dfd8ae38919262e1f3be7e97941e035f8486d72bc5d9e54f7b376e0ef6d0bb45,131.65
1ffa3d3385797a665d5c5c37bb51eb1b444085258c9e0bab613c8bd49ce65f22,18.53
221b50396e1f4523265ee65e09614f23e71f7d24018521656fc05834c6a6966b,52.25
3d53a34d5144644cd17da535b8709bf534ee9f8c14ca3b75d7199b54a29315b1,54.7
3ee99b297cb90d07a52d41a3b1eed063344b792cfba5c6464b1f04cf64395268,0.36
7213ae979b90bb007fa5abb62d9a11db0942bfa95674834d9301c1b0de9f79b5,34.79
8e9b6e54673557e190ece57759d5d0280fd7f65187d8b367ac59d41eb027be8d,69.99
af5d4930b1c68bd816d758f7a56ecca7b49b9615e8b124e48b6c20d6ba2d238a,303.49
d9dc0d4f8a898424d6f3063f52ffb5bbfe5d873b8166f4df532e9a7262f34638,35.1
0017345b89958a1d8cae79020dbbf6e2f687124ae8bf937fa6ed729e66a13f91,1.41
07ed2dce603c95be7da9ae70853632cea54916b651c6381ec3032c3f146876dd,121.42
07ee047fa6b71db133656053dc276cf977a15cf36c44232c94f183d30bf277be,17.29
810f77dc2ff725d5499c206b535cf60460b7358fd8d343982d200222402f17af,0.0
a198eb6a3f47cf72651806c00c564b2a4b7493962b3922bd7aab8c043688bd68,62.76
acf02e94085df3fa798948af8a3d4f706504ce511b3ab4bed8e1aa81ab9af620,49.82
15ad626c1ff5dcc0db62e1b97a296cfd09472bd6c4e2609a1febfcc52ba0227b,0.0
23c3d379f8e845797073fb4488783a15a5586906ffbb1440d8bda7a050f7c7e3,43.16
23ee3391829ef4a9bf0268f011e2d2dffe06ab80e9809ef0c37a3da205542f56,135.53
426f6c3e3c1e2ba3871fdfd517399313ee42b16d1f21cb0c3d46e2d5127e01d7,0.0
57932a35d34bc98377c52a558a9292ce7b584af53e9ffce022521db79eecc102,44.32
70b2dea22704e492ed5031f1d32500dfe2e791b52151e3a240479b9decac2ad8,10.12
b744ce57d4f4a4bcfc705615f7e71ea80ef27143fd39fb3c40b5fd3d04884929,84.23
e00b68ccccf55e20c81b9dd1a8e54da62e6e53683d1c433c119a9542992d2e00,40.96
efbad31e27644c3f782bffebbbce33f06481cce00d25485b980af8a13780fa39,59.33
30b204aa2fdc2d6b6edf6786d89f938867f006db61f544df00db5b768786a538,102.42
47f274f2b69e28c397bfe457f74b2a548ced95b1e7eba708034829834fea5e02,1.52
9a3d5b3aa9968a16b4f641b59eff00da6b571ea822c2a1f25b787a403ea17a86,18.17
9aae443d9291e7291538dae19c4c21f89253f36e1c80c880c65239792c3aea84,1.44
b25117e19a4be41867c7c4317c5e1cc32198094996aa99e95b7c216c1df4dcba,0.12
c708c8042fccaa67f8c40406250d264e6b48dfc1fae236d521810e55e4251bda,63.77
e6a8e4a3478d1756180412dabfae871734117441665c283effe67c2dd53348f1,6.86
5f557e8ac9338a9345cdabb8ba915236b325e6957dcd90c58bc784702740571c,3.17
7cde03b502c85f46047a0b78a342093c85c67a08e4eae38cb933057640f11ac3,5.32
9a7752d19e5b2780cfcd543f11e748cce1978b51829abc4f180e52252272c7c5,47.66
e633e7a2335cbff2b2844dd207d6971e886b89773129c280f27d62ef01fb49e6,131.1
08f390fc260a1c45f09654b7559ed6669ad8c338b12e032539e4844b03578d44,10.36
7c44beeaf43fbbffdbc5d861405c946e5fb372f76a96a97ae86ca6c9b98834bb,8.36
91b9e245fcd057b1c691fc276193656e33b16b376431985ab72e54f9c4fb1c68,33.15
9206113b197bb64c8772d891e27c9aaf767157ab8cad22fdae588d7f7c58371f,0.0
9cb606b9bdfd0c46b98b78d65e92dce25cfb35548275417f547650c12979eff7,81.48
d479292dcdd16ed2058d9ae931dc8dfeebe5c8195cdb1bfa295d7433ae153fec,0.0
0e4ea74b743be1884009be137e688458668940cda57b4b36e6635f6b0dcecf71,28.49
1285ebbfb7e7105ca2b10afdc0c2912fddeb4111b9f1563fc81fb22168530720,14.26
678b24e5b1c525b8818f5f8c90abf44454f7cf861e895f0ab32396b077f596b3,67.88
ac71141432e7087df2149275aa4786a5641b1c93fcf5ebd63f70ed136eb7bc1b,0.0
df193e2ccc94f2381cb94e05ac42474349741cda065ced52d160eb07027ee82e,42.01
44e40d91f3f8b39f183a68454855dfca27a77536ccf42152af17eaf9dfb9285e,39.6
5105b0d04d03b4b823e3dea2050bb57591ba18a1cf0d5ec9851bc43eaf17afcf,58.72
69fdc2f892ba70d1980b4fb5c094683fa2fa43cd4b05126267a888a4d8b370e5,123.84
7416e825fae7fd204ec05c2c13d503fe5e9c04178992f4a4e2d93f604bfdf8d4,43.26
86135abb245b0ee199636d44034232153ca575daa6356f25ccec6e751597ef6c,0.19
d0f67dab425518b56f1d425c164643c6583a2104eafa0d8929a55beafb19fd1d,0.0
56d17cc87bc78f3a32006b639500cb85c69df83d598bebdd7550f5da9312e266,0.0
608a54012ce50eecaab3e8f935730d9db802f7cf96cdec43da5e7b5e328491fc,40.16
8a9fafe504bbeb76c575c9f7613d55674caf42c0753b280850f4b002fd6605c2,20.71
3efd58a017fdf50f53d538885d3dd08fa6197b633addec22e9c993b6d9baee35,320.88
482dc1fa2e6677c11172561da860983cdc519c9f95c35c66c3fe8f6162b94032,0.0
6440e6ded77ac2def4c471d0e7a4790285fa32259986cb9940c91dd7f91eb77f,82.24
8531db13351500ea4b1a3ca7a85259b567e7b90205e1c8aa58422571c31e51e3,45.48
8889923e3b29395c44b17d8465f272428ca9be606eb3383fece9bc80f31e5caf,0.0
18d471674d026114ca7d83353253f9dfc0a343341f8486a18bbf1e15070b7417,46.71
3f2fd9c21b553995d8f1fc771db8adb544f98a91a4a1e41b5f93055100f5192a,0.83
491d3a5cb0f447f310d97d365dfd49cc7a3b247c481ef59016319155ca79aaaf,29.73
68bca2f1873842abb7ccf23dbd8604c93110d04cb9d9c5c85218f76988f56bb5,45.43
8acaf42210da095562c9586322bd178b2930a54040aed93af7b175210553f3c2,135.14
f0610336a7d7537f12ea0bfc0611931a09c79bd27b64aecf5a0b7209326022a4,27.89
2a6ba96d5099dd56e19a224b96240bc1ef81157ee0090426a0c05b3a28c73717,34.3
3e2c0fab8a4e9ea274e5bcb6b2fa9dd610c1d7f3b4ecd5bb979d65f81d37e7fa,2.43
689b8c287b0e73ac6cdebb5361b8c0b9d58c653152893955b6c3114f5926381d,38.3
87d4427f66eba56539e97e2dd781db3b03ff60f9761a3ef5200e0388c43d1e04,42.18
a43353269e4084a38e5e536f344ba9e6399e2e3a32d275d8713f33ddef6cd68e,33.71
c2de82096792b010231387d433fe1cf4c02885fdd219a2d2e631fb29b5f94f94,44.92
03055b53e86ee9282af31d46e6c274b3f0b7897f8a3955e90d6e73baa3c62e33,72.33
61f7fd48e706c0d5c774ba742535fc94729f6f295e8c155c416b71b4c2cbe154,56.84
88506bbe834fd48632c0e6681075170b137485ea2ef3de9ba95ea754911394b8,0.0
c1fac3bddae0ee665d4f17900d7025fe09b637d82123ed3140aaadb3d4408515,0.0
c875bb0229d7a8c1093572df01c9c49d4e00eb887596826e88c6b1f4afaa607a,36.98
cd6af1539b8a2f4849fa57c95f720ff044fbf30909c12ef7c8f4f9ef7827fa2d,1.84
db91eb1b9d042a099eee932fb20c1f04864891a9c54710824313036daa59bfba,57.47
f4b8e6ec677d7fc4e0a71e5d716b0dbf3bc9143638a324ef56ef48baf7eacf4d,5.29
ffc050c996651a359d302abb80e76fbe548185c98aeda37662d674d33559e476,81.24
165d3d0d2360cd82b0b2bd874c6d30f9ec10767915a7775a66f41767137d9403,131.41
40e420f188d341cfd89c8694643cc2676fae61ab69e5534982e832b915038724,180.52
536c541d432bb549d785ba547c1b9fea79ce6e2c1b2ed18e150c31d4b604374b,83.23
58a9faab38369df1f3571447a1aae977aef0b179f1e75b40f867f4cc7a57d8f4,1.82
7174950994b5ee688e90f1320aeb24bea696fe26d406f5ccef7396f5d29c7e94,115.2
7e4f0488322fce896952141062cac297dab7886044fd82eddd59b2fc846f4d97,5.94
8a8ddbe85fd6686bbebbce6c91bbd7296e4d2a4bc4dfd2f1839c7abb610a6ef9,0.0
da62e7068b1ee9f8a2c738e22e1d79c33780f5c7a8dd7abe9834d19fc9dc51da,21.44
f0864836746110f335c1ee339944d826cf038653fc536926ae5b273a80a20a6f,273.37
0c18649b9e7a89421f5ba60c977a309fed6e85e5b35e5c048b79f3c4b32862c3,45.64
6f6d8fbce461230286b907b0d3402e118673686d66eb38ad5ec6ae0f034cbda8,193.63
71f2988f1b991f4b31971c3ac0570b4ea5e6c4cc1983f1318a4fcca10ed18ffc,45.51
a44d807bfa2973d5a1f291d3ab827082e579a91c8cf7ddfc1bf41dd773b52a00,6.61
b65658d16e47b901d6134e5729a2fd4625e51f82913b2abb537e4381097c686f,3.41
c6028a9b2b7d2b852d55f6513bf8648adfa5200c1b79a986cd77baa5b2a32f35,6.27
efba6bea28a09d35dcd75bdfa677569d824b43d5e04caf32feb17359b0b67392,25.35
336568bc9e9a190ba8ea762a8f305b907c9589ef928145609ff35b34a9d6fa31,313.96
b290b24560834aaa1d26f2cd4141aad41efdb23884156a341616a2edba455253,86.49
f81787c0540e243f47f8c76d36e1b6571da96bb52d52d44e87d71f30210ef9c1,19.8
3b5143f4a1f8629f812dbc8d050fd4faa6eb80b55a17f1dbd0011a3da898fdf8,71.53
65cbad9d557063ae1f35fa62ebebaae4788b67ad2580d97a5fb7e87e16165ee9,1.31
6b39ee20b0b6ff94596ec0b94528c001f71470ba5d61f38580d10a28229caf79,131.36
8037f75d0ea385fde2d016874e405fab5984e813a44c36ed783e6b0299eeaf0e,26.88
8f6dd2335b1c4a451ff21734e13a0acd0f60bc7827095e22287c39159a0c54e1,5.59
a7d4c77bbe045b888d54b47aa9828a16ed74e017cd295364fa791666d6c4c347,170.24
d615a1283775a5a3d222f7ba510c2620353aa02638e733de399faeddad1c2bad,16.4
f29835c43069ecbf14aefa05fa52ecfb703ee6e3e2bfaf1eb4fa4f2aeb9db663,0.0
031494932b8e57fb9253a1079dff386d153d4777961eed9eb0ad584c239d3f6a,5.53
274c09b9bfb20f143c665bbe32f48e03b0c5200f89e58246dae5a08832818c68,5.45
2ed8af25a4b35c63fdbb1750c9eb1cb425013005a7b7d80529ddf159d802e4fc,0.0
405e54491a53b91477339a70a4f6cfc3cc91645a7a010338a732c7d35deb61b3,0.0
8112e1183bcd7e125a72690ef05c7b9a8635f364262caaf0c536b20dd4975ed3,133.28
9b0788cf2cbd4f7e0ccdd7838236b2ab8e51afaf1870b6b4eb17758a3c3dfefc,154.02
d53c0814f802a1817b5431fd5d5a87ca2a2036f868dc27d76dd9b90e0901070c,0.0
1cb240af1826c4418bd0ed5e4a9ef6a12c6123361ed54054b6b7abf35741201a,2.69
47ca5d8a6fac3497e17977e3b4fcefb8c7a8638d29e27a975f194e02c46326c8,9.79
82234fa4a02642d3689c050985c57fd01f44f4127c0fd100c351dc199e2e15ca,132.3
b0af71b6de1f7cbb31c439c37fa381e5dc9da3522a540d6a28d0fb1a244c968c,0.0
c4d91612a684ff76612dfc9916a573e94a68ffb030716b80e119af559d76ef2f,35.13
ea06a6ca35132bef407640c5d7ed8d4e98173df3a5b79b7e8519ead906abbe5f,3.67
f7e31c42c16f593fd1ab487e73a2da05da53dbf7be5ec5a7cb3dad078c04c539,72.73
6a02e608d295790649da94c58247a0cac852bd50159e64421b67b8ea358e55e1,2.8
9c7cf978399a0f3d6c66276424072238e6065466719e7e626b507444fdddd892,38.21
9fdd527c99b8d4327cdc0b60a9cf227ae683649849ae242986bb7b1f5c06deea,37.68
a82508753ca5ebd50edc47375f07aaf6cb568bece76f85d032ff704d372aabf9,26.13
c0db34e6acd8fc6c0bd7fccb0b61d137bd14046c81ed8de3eb1ec17fa0818b40,0.0
db6b0aea7eabf7c4807952a27ceb01d2b4375576c5fc9b2963825181dd1806bc,31.21
0fc79a9e2b824bc05bb74f439c6de2f316a46ebad0bbba60eabaab223006839e,86.92
1514486d447afcd39d3a791d90acb6f53820d7328e91fcabdd24cc0c193acaf6,35.35
943679465cbfcae1c7e706d33e3e5750c5e7912ed0ab3e1fa13677562f69a0a6,112.05
9cabf7f8b6a267adfef1700b143dc06d4e621ab1b07a266e51c0073c7bc47191,0.0
c19043e4e9560463d588c5bcd374a01c5cc26eb00f6999e590352a5bf7aca4a8,0.0
13d6fb810e71b6a6dc69f30f06eda411b17a5cefc88571f5ecda73b0c462789b,52.47
1926c28c12c8560c970cd021f28f16e411274d9929c07db78a205bb79f53bff6,76.53
30fc73fb74f7b25b279071c5c43a8c39765d0b4f4434fe86b86bc73983accfd3,22.39
312a85154eb5a92d40240b13fa4fdfdd2aea5a822f05ffdc0b8f8aff3f24fa5b,6.1
47f06cdc472b888c7abfc2bacc561832335abc3def13085b03dd6093bcf4c96e,148.13
6d7eb39a14c3021c2316afb1346d13af0faf17536bb0cf78ed3cb61f4dd6749b,3.25
b03ac20d677546586ff5a7021a2e45e6880e7b96d6c7e9d1fe53605eba5de4d3,1.65
d1b9fe7dc8b23ec62bafee156d69c3799642e4e39763cb2ed2f19e9ba783c953,0.0
e2aceba707e619aea775a6474699c805e0561b9751d307a24dda1665935c8a84,98.47
e44d741523cb9822e780d6569d2107f7af8b12b123a4feded92a0d8c4aabf3a6,38.86
2068e115cf8fe4c94c7fdb36d3b655a48a427b7c372af7a994aca58a8b603b46,3.71
740c69d369124b80badd7e0c8ff723115a30a96062d402bb8ff86f83a87d7143,0.0
9acd0e1e4af6d022e34b5eb75edc8335b38262587cbb317cc159b328934c2e4e,45.64
3020a9c34426a55d9ffe11059a92d163d089ae6ddf4a80bd3e8a0906f1ec8ff4,31.88
31d5d9a9fdcae6025ce246953eb1c2b59c6f6f4e0302977bd749a7f5aa67db32,2.1
7c2e9873a867db1cf1f4597a6c9232c673112296eeb85aafa031918aa18b54e1,67.39
1177d6bc22b5c5c5a14d5a5f9419915ba1709a65f809309a57a7e5318d6629b8,0.0
43aa81490d6855d17c97621254076aab69e0796c86e791d930f1c797862da3df,0.0
68f91e0cac8675332af8f4d1c2c81c134f67d119913a60bbba1783405429d82b,45.29
6a522b69665821b2af0b1766f79f1ef5cefe22082ee2cc62069a2b905b3d715d,0.0
bccc09a834d09c31a657d55f2769ec1729eb18793075fbf84fdc84c82c06dc1b,3.02
cfcc0ad83beb439f7f0b6d0bb95c51383f0c8b27a888c0ef53f9b0f8b4e605af,65.57
e73922314cc689392a2900237f44fd0a86709fb3d8b7cd510109f4bc0b278f8c,3.82
026c266369b23a73a546871c2dd7c633157694e21c0b9b32834a97a1db155ebb,69.57
06ef3f026f18a43ecd24cfe8e677d8bab243cd2738e66fa214d0af0c3a25ea12,33.02
3307376b8be5c79fd9b3fc811f9e99f0a00527075e8884c37d5bb3a415eea143,34.86
7b0c545c365b4b7748085c6db81c68d576792d29fe6d9695ed5693dfa881325f,59.24
bc10243b69f1820b302012f8369f67001fba826a5311f03df5b968a1d4e5d395,52.74
289c46725b2da575c33f80a38da9748f68bf8457aed6a6683bf43d0244d653d7,41.84
3e208d6fae24b6c91249f46ecebcfbf701f2b6f78855156eb0cbb964d7bffa47,223.23
9b25d8283d1b95698d9b9d54dc3ff4aa83cb3315d282d73e5c18c5e06b3aad41,53.15
dbd3d04bb7cd4772f3978b64dc67a073bc156bdfb9e5f1dc08cdecd7df7f0c2c,48.73
e54846308f0cd367c83383b6a0eb7432db9b495ff70554c4ecd7dd63ea3f0149,25.47
316193f5d1c20d9c9e9b174086226ae683b420b71249a81ff0e03e2151a6bcd2,15.17
4fac84a0d51c1bb6de47e19328159993ab3377a93b577160b20e34ec6f97b8a6,14.5
7b505268bc4d8197857b7309016cf0532845a1d1446a44c9460899d7e9141c41,5.46
27ffc24f0dde2a017281ec364c7fca9015392025acd44c57e7148b9c4370fc4e,50.33
5ffe67ee95e958406df579e3db4b5b6df9361eedd6cd5f4e47d7848fb6ee52f0,20.85
a29cdb1387ac96b499e54c8a6c795cd6e57075aa44cb81b5e88976d389bf9e93,117.02
c1622e3652d6b2d23458fec811c7dc451254329218aaf0f09098e653c8fc5c78,232.72
09bb0a5162c6f74c47b37ef4ceba12da541ad74f520196e2aea55eb238170d74,165.04
211eb91a1f3c4e984db019a813fbf218384adfab0b4eaccddab788468f069c0e,60.2
264a3451566310246a41945bdec828adb92a8a55560ee4eac8679f0b19a7dfb7,129.71
94cc321dcdffd644f111cf17c5c0f2366b17ec2cd1886fc14aebfef59e218c33,95.89
c7e194133f904453ee9646cec260af8bc5aeba9c20758d6c11880dada15d6c2a,0.0
366a50d20f5afdb90514c1ff50c0dfcf158007b9e2e582d7a4a8e408b9fd4bd2,78.68
512d6fb7ccfd3ea7516e71d85be287d431edd2a3c3c1ae187c7852900b188d9a,120.22
861213e890037f92e5c5e6a1617fa26ddc41e447961616911bbf6f4de80fbc75,0.0
986954873eb6d2af7482444d1d50387fd8eab6ce17e908b5977140569a6b82e0,33.1
eeddfddc8a0512608c52cf22f0439734cbf809cd2a3103807059354ebc28d778,3.03
230433f351281988b479f0911f1556fd3154e30ec767b8a3c9cb51fcf54703ac,0.73
779b61f7b7d93b0a3b783c3539d0c0fa51e5f300f8882dc38d2f11c8db8f1953,46.58
7eca0961e6dcf868dbd96165bbb41687e8ff9cd6799bf127c1ed78a7f7e07712,42.47
ce0dedb2415b59c3862e3d72a4d15df82b1f2907c0d6ff6b29fab73ee172b45f,1.5
e0427cbf74b6102d030dabc8ced68886f357d16640ba95472b4e459d288f0986,28.04
54bcf335ffef8f3268a23588b9a0814aef114fab05ed2fca9a22eae684a6efdc,123.31
7f5e4a0dfd5d7b8a097d00109b8fe1d54c6a3314d64e19836b12a347f805570f,20.79
8b2469141ee863a766d400175ad9f24362f4b944d1e25effa542ebc3e153a1e6,62.5
973634733f44bdec20acb76731a872bbff2de9966f9f0fd2626a3990fe7848d8,135.23
9cbe8088687ae923506b1a3f44655bd6f9f3a50747fb684664a8606c72cdb0a7,56.14
b3d2612d4856f4bd66350e00210809677cd8d353a8f3511e42028188ac413a1a,55.82
baec1c6427d46b423df4953129c000d51d85b12d7477a13ae5a0b9674726c57d,91.88
dcd09c716398b0ce584313e141017125cb2ec6af424c43b691efa6e5a442f247,50.59
e6bfce64ed52d9fe24a358db821894227d9de821db5553a28bf5d67cb250f46a,41.55
0e2d7dbb00dd20f6e9d9d7f11b93650606952aed23627c6d5be6e5da45ef510c,2.95
b585eb46fd65a38584778ad7d00eb6fa119e4eefe56f0207d503fb51fc0a27c1,87.96
e948cbd6ab218435f4ed2358bf637532b8950c005c2749aff80b5374fcfde476,0.0
f2ec028254d96abf6e1329b5adc89457ee0c17890f90dcd08a7887a1ca7c91fd,77.29
fd6533a1f839dde2869717aed37d0a8ba1c7b52d68be7e183e939f1d57ad7bfc,3.73
02df4feaf232e953cd17b31f5a0a5e780eac5216ce430af40c804158aac3d7d1,43.74
58be3946ad164e1f16b99ff837bddd7d1e63ad6e2c6d25ff44e2940086147502,108.11
72d959140f5eec56cf1ebd8efd679411b3da89b2a7e38f9fc8499b4a487bb5a0,0.0
a8548866b9d5310432b9e2856ae6baeeff1dc0914f32b556f1bde39d3cd9ef51,56.46
c9c1ec0353f043d7a9f83ae674983d5b816b9f4739a882efe8248baabca52aab,1.26
f9fdac06d2bd9119b3261a3f475863073ade99a950f41cc2f962af38775c7561,1.09
2dd373b88c3dfb0d9720e57dcd7522de46b891a69d6498bd252cc5825e7e4399,10.28
41332f20c0d28c0540600c7bd62c7c67a925ad07a79b3d058217e9ae0a48e37d,142.92
822ad6fd5551a928d021d0ec784082488020b5978e3140672c6e8bec1b19d723,0.0
bd5578c58e3b146923cd4878f08856e472934a9306652fb1bf0885f0a099b9f4,3.87
cd70f45322375e90c0b25a2d3a739ae41d8ab40498dd635030969daa18d014ce,5.64
f0961fbedb92125671cb132862c9c94ab77c5d903f0678730dadfe8016e32603,57.18
0a7871a4a8d97fa12fb5cc051ee49c13ba204e5c06c375036c67f044038406dc,49.56
4141538c0a595061ad0bb1e43644b3c5e2bc8bfe68c577879c47ca1d73751131,0.0
875f9994431f83e63af6dab4f3d92e6bcb7a6336c27ed982ca164d5334909dab,95.24
9d884149596bceea135e5f3541f0c7ced3aa9fd4970b441ed57aa15a954ec044,57.33
a53c00d3608d59c48d04d22cce68d87ea3e012476541ed09c762a5ffd5722c1a,1.46
1afd88dd979e4d8c554ca14c79e29f85293a0f06c06e129e5c8f7dd53fedacf2,252.79
1b201bf8153f0a9b756e47557f199f0fd73b0eb4f8220d067bb97aef53dc0dd1,0.0
5211d723d3c904060042e25f3a6dccf7342b8d08202f65dc7e5e86503066074d,106.95
7a91b0c03821fe767354a8c87033f90d6a6521b15266064100c576b8be3ef723,169.18
e7cdcffe645002e674e82d7af69f05a91a4600782bc95405e8aa5be540bd3db8,70.96
0e446cb072e5ab05e31dcef49379872bdaa1ca455a6eab99839c32cce63e7634,211.33
1606bb3a88d3ae9d76adfa0d7a0c9b42d93bfd72fda4b8333c49f8c35e519b45,79.46
439c1ff6ac3549693cf7fed94b658788b7e39efa61642de4e33cf8fdc13bd39a,20.11
57fb1f790faeaaa861d4da7d142157a4d9c65cb9805ade098ad45486f57dba8e,6.69
6b9d780ce8a92c85a28b2c3f0d9186b9f9e48bf69aa434747dd6bc9cc89a752c,18.04
7e929644310dc345d6fce48e684488965b09b8317756385eb6c11ac9b114fe30,57.63
8c00fd8d3d574c66ff521b9b27f0200dbffb71b9616b2361fcac642b92027c6b,0.0
eb1b1f4a9f871ae5954764cf478068292b9df754ec22c929e4289987e42b0d47,40.44
0e2f7dd8a1cfd81c4e7611ecb555dbfc5e978e0ab687cb3da080b37783831c47,31.24
9020c54ead2ac5ffa5904108c3666d03fddfd19d9e7442168768e26487c13adc,46.16
cc1f997397c95339d6dc787957b0d6df06d0b77e35716b52c9ade454c2f7affa,0.48
df4a24d3993e69e70bc793725fcc33eb1988d59b52806e3531cf00e2f7db5596,20.63
2176b079eb1edd5cc5ce462e12882df2d91f47a74e56d14b3f9103879e5032a5,4.56
28cd1c969f52dc4ebdcd702e0b707dba4804aec11355a93b339308771a25e6bc,34.18
79705d9d3f33a929a8795556069e9c32f90d948133d0ce20ebdc314af370df46,4.5
eecf14b5ecdf25c7d2e3e95a96f3d82e52b748d6de25386d1b733055421ba705,248.7
0b31820e6215f3c1a67ff2d04f181cefef26b33098097a9a96f777a7bbc2e0c3,2.83
0cdc3cd22bb3acce682b45f7be0fc158a7fa65851207ea3ac8cb65d2330fcb31,36.65
6a6b2db25645608db441215988e020ff02d1233fe3ab02e47a1fe139fb0435e6,19.73
86c25ad422eeb4291b0d64cf999825e265b73813023ca9aa78bbaa5cdb46a9cb,33.07
8f4ea8d05e65d8484c039000da2384e2736ed53515d162843883cf85dfca0fc4,70.6
e74cb93db1274e31c9b1d568c29276fd904ec05420b3e24d46d6209cbac7d869,10.39
09c2d77d2ede37d32f5443a8aa151cb440024f372dbc9061ec8d7154a4e2d488,18.9
2a91c78eace1b52a64ee442242c98074c6eb08f8274b509b25bddffe0d83f2b4,6.5
8e709925401a196801219b750f8709242e8cb83b8cc2b3b72c08ef49a9f04a6c,46.17
97ccd8a52c84009c410174c229b2a7d361e979d9e92d58b0f80b4cbfc249ee9c,43.9
c27ff1b399a521a2b004788a7da2fff3cb8d52b6477f797b6586eec3ab53afe5,0.0
e0ddc1db19a8f4434b4b88013bbf0526414183bf368ee4b44539d1c59199475b,7.63
0c5aebdf86b361db1e7bbf9310db7d0e834701a49b15460540966a70cecad899,104.11
2daf8e5570a96bf66e34ca275b362aa76a4753f3a31391a3df139941f2c6330e,0.0
bd73e54d74004958e1820a1741392a05d6aa4cce8b5321f2dc16cc6c421ed627,46.61
c39191eca092a7a7d34fe453013772e2dd67c8552e2f0a5221e73b76558ce7e1,0.0
cfd322dfd0ff0a7ae75f80f329bfe277679a0f81734250e1597d2d3bec43ad86,0.0
ffd86b22f4cc4f7a28b49e3b8bda03d6ba2be51980c6b5aa688952caeafee6ec,0.0
932737d82ee19bc5440edfb5e0a3585bf02f27c2d4dc70f078177cd6678d1144,45.09
c9b59141c74323d97356642b7e3d6b4da9804ce40262cf624ae7662dbe419995,14.47
10a8edf5255f95ed7d98e6848ae757f128009cb118833aa8aa4657c9a1acf0ff,123.0
4ef334a9c7b8d408b80f7be9a91b3248ae2a8abc8c2d8ca1c14dfb54a90eecb5,2.19
53b9bef119f31e4c38f119d181677eeffca1eadc4eee312b4c4533836ab6d075,28.85
5588568217d97973a7e9fb3cf0c34fc9629b2516e4a55324256c49acc5cfbe6b,8.66
5ae84e0f508dd8b2cd938917c2905583236c923bce5d6d4f6d40a524fec5b215,0.0
93d9f4b01d327951e589ba7fd25920bb15451be5b8693ae92f44584cd4607441,101.05
b60e6c8c6933891669efa2dd6a183b59f558de029787a2c0a6fa2ac0cb40cbb8,28.72
05db9a1f59eb93121ac3af284c6d475139a939335606cab94f8332b623f3de8e,41.82
772e8c965ad724cc066a0b552474fb1a1c88b69041a76123c4536cafd8ddbb00,93.47
a7763662560e1bebda50d378764537daefee7b4d201b840dcba36b87215de1df,225.57
d997b76ad85a2367939129004188ced5fdd873a1712261c6dc051e399e15c62e,48.82
db2ecac8c34123a4b0de496704b84273bf599218c5ad0fd03b12906be814a608,83.26
e0ea27acd9b92e3b496727d5dfbfbe3824897ea3cc6586954404b13e88d43fdc,77.28
0d49407dfc6bda693cf3ce9da87813f36cd86a5d227b547ac775f738c389c440,35.56
228b6edeb725750df24412d509aafac9d71cbef75380dd03ec12f113a9ef1d4c,39.87
6c77ca3de712725971416bbb5b9cc5edf773f094bdd5b6d4a44aa5e075241668,14.39
a8f7b1590eaa2df5357726f91e1f641bf6e306830a2c7457b8106440b67a4988,5.7
ab7a9bdae35d0cb1bf4c251e407918d2f66aa0bfa7c3d640a6b7f8dc2794f2ee,3.37
b8ca0b3ae3b28c28ced6781aac9fe3268589876a03783ccb85ab28f4c36fa2a6,0.0
ca3fb3b9b66e88823ea5875538f26abe029695013b5de428e4dfad86eb58db31,122.62
d64bfd1c60499f6439c97e5d35efea22885d77abd7ddf1fc3fe5faf7d59b8632,36.39
f846b05e4a63ca702032f66c8566bf40a3f0e6ac864d493ee73a5dc2eb3e1c5b,47.74
71641c3ef273d37f07358ed0f50caa3c37b3b85399c02912fdd4401630c936ad,39.62
801790084d59f48ea22f63c8a6886e55d7a268ff5923e206e805b9e4bced0b00,2.68
83b20c8fe908eafa02b5ab6019286447d4fbe8ffe4297047cb414b46ef391867,146.12
cf4b2ebfe7c2eee236ce0fa820ee4d2a296145a6e84ff53495dafe8ebdcfe3ad,0.0
e0cb07e8e0ddf6853310bfb3d323c43c01de7712a8b6606c7befdc30e567a001,51.65
64b18a81b1fe82eaf7de79564fbebd5fd90b76b9a7f4054dbfce6fee768e3c92,94.56
ccad86513330c00486eb52f3005a55e0b830a833025cc2fb262999d6f0ab74d7,0.0
3bcb1d4af7d50ef454ecb24f709656ad4590d9a959b9d80bf836d13f3228bc8e,11.02
457eda233471d0bb2aa3d995db2f714eac131909daa601a61c5a57ac1e52161e,69.08
5469615a9ce4257e09f582f81a3316682cf0e511db6cc881b1853c147a958a5b,6.6
57259c47f1344d8d6ebc83a1547908d3b6da28d170fcb0edd23cb63abd046c3d,181.04
ea5c068664e51d121d1305e6c94dc0721902be83d3fc530892c66a012c9cbf94,18.48
12df9f62d5a0d960a3cee80bddf3032ac2614d2fc290ecbad6f9c2a8193126b6,4.46
34e7b8279c39e33546dfa37f397441cdb6a539a1e6e716c60dd54fef939f2fd9,14.07
38063efb355e57babfff325bb5a193a9bb1a1b3db06cf7e3ca234b530c32e8e5,130.3
71a2c87e31fe81c8a580da4fd484ec4e9613306e03c2ffa6c5b1516fc17c2736,0.0
b68d57bbf7c0255e4a867d5b51e23176f40f8e0b3278d2a1a4bbd19f3abad0cb,17.85
f23fb6c5dfa7fd8fff17614aca668e6245149c96fd8959794ef028fa085dbebb,155.51
f98a74045b0c29299e0bf5c9177b9d0194d4d6df76b9007e924ff582570be833,33.73
fe0928e36bade28d33bea3a4703b25dc0f8ba0c8e47169b2a5fa92df9d3e8b17,42.58
139ec61bd315ed66f6de21a3e999af002ea69fc95369eda6c6a51e20d69e0f94,179.98
4c6535aee2e5e8350d268e3af9d0f481d1a4aeeb830be8145ba0d1098dfb2834,23.42
64e3067aeeb721732e1fb8690bfacca635d735078e415f401e051b57b8ca635e,57.44
65dfdb3f1d914f95f73bc41694d963a0c577e880cc70580a815091e5ab61f89e,0.0
d1accfe5cf6c3b9c01b82d858dc35fc94f52cc8d33e38c4d2baf1a82d9a7547d,49.36
dcc7c15ff6ff4af0b9cf10149553a17a043cf08f0eaac80d8a8c21a4b987898e,8.8
0b05d5e6baf9ea204674b3dc3cad9dc2e587b64131a208a7c00f6e062ce6586f,282.35
369d1c5ab102846b41bf06ddab7e32c67dcbb6c1b08689a04242c02cfeccf4ae,7.29
f2446a6c083f00a771a2bbeda2fadc7f0be5f4ea5d1b5dc45606071a428db45f,2.02
f5b059fcd36addd3749dda605d3c274b888d9300292cf88d7c5fd963452a3a76,5.17
1b2b75b292051028be194d703741e7d98cd67060dda871c207fb582e236fa718,47.88
71e01a216fd6d973c82dbd0023733adfa82887a5193d1a6329af176cb2626626,27.05
d848bf6e8c65e9c2e468510c93fedf754f0f335425dc2fac8a8d9b867d93fd34,46.87
df3f108f56cace73685473a92a51c5c3c6465ab268bcc10e5f20e1a8a510b1ff,67.2
e21e8b657a575e3032c13c54a4bb246e074649333d7384b6d7bc8c60cf48428a,33.54
114efc20b2374a8e699850035079d473c3aebefbb6ef2820b4989be7870f83d2,46.25
eba84760f702107ec32a5cc13297115dfd088a2da1a04979e2fccb555ddbdb12,75.2
f01f887dfe1801a9d01e38047789f81b488910261654d396ff3479d28f1f4c99,0.95
1c044608f193c6e50b0b1485bd57f4a4c1a721a0079353bc682aee81ffc66e5d,8.28
5f6d3fd8071bb8873563376adbe5fbe9d9223879f585b49591c0d7e540c3cf19,1.33
a049aa98680839af8222f0bd9720a339c64d02f8129f2600e8547c381924232c,4.83
a66b1335cdb38de6f3b2c40e8ed534094c4d9f8e46f5371c9fafaf6b821f9cdf,0.0
abda5f8aba6ce7020e91cfeadcaab224cb29135f5b7cd8fbf7d4f41653a339b7,32.57
cd00d5efeaddf6d2e516c7eb17fd640a49d3c2da8d448fbc4496faa29e32435f,26.3
e24b9ffe386ff48a2a4df990298683fd80b3eaa877c9bf7a22fe29be4e5eb742,47.95
0b86945a2665a567cb7668a2c1195435b40f712a9b2ff8a4737d3a91800377ba,4.74
4d9594f4645540ac867343f08ac9451851cee7d87742ebc8146d4b36ef33975d,19.98
b9aebb6a60aef203c8c8f13471a87de1e43b659a0b811561f9545ec464db9e5c,36.26
e1dd3540e8795603b94cbd23317aa0b864e59eec17ee30591c88ddac6ee43a7b,69.18
e1f709b7d3dd8430320c86f241bd2afab860be29ad90b5cf7793bbec3e9869f5,46.24
e41d6b6a9fa5b54184709061ae4881f652bf174a17820e7b604c3491f26c43ed,49.68
419ece5d4e36ed2c454ea0e38cc7e3ed2b255782823b2226d20ec73ba5d1c61b,40.77
620107fa88c4888f3e55660bd3e8e2bcdd85969000a9e54253a548e5739dc533,19.81
840f1b021181b43ca0641303390d323cdd0418a1afb5a16e31cca94c391773f5,2.86
920039c0678896e9fda5e02e4b154335e651dbd52447b5e88ebe1b1710eb90cd,0.0
d5f842e8ad6ea95c45a116d62042ccbb14f964ca0981e19fea3da12497d45eda,23.37
1870e2d7b5b71d1bdea764b0c2c4d5cff380e0b690f5a248b6d913e5f059bbda,22.62
3def3df21603a5f37318049920b0f0f7d6929ac1cf031e22f599650845e24e1b,0.0
5275af3a413625e4f751a7d3295f5a699b103de28f06ff63c0440e28f9d2ca0b,35.54
deb5d2ab528f042676588c6dca31919dd28e0949711414911790607a88796a4a,11.73
e8f28309593c4b667dd0bd11672b0cd94a9a12e873744a2ee75c8cca75fed686,2.73
14a39df247a368c9d2e5c2e1dd0e0e82eeb19a4542e31d956f07d4074c41437d,178.81
3c643bbe6250f779e68b4f00eae174cf1c2f139be63fa6f5b81dee16ca7b7ba5,8.48
502121a5f9f152bc6aa637b65d990fed250630912e538729719ff32445824d66,11.24
8b8341631dc711a6b5f87bdb48a2a0e4ead692b576335b537ee25c79c1e9e257,23.89
960a4af754f519f52a6df37ca91ebca9a0b8234484247b66eda0ee39787ba55e,13.71
bba7955a11fba99edc1ba18fb343855ca3e10d1afbd66875cb01bdb2b7d239e8,31.73
0425908a20282b1a47e7ad036f4c162287c9e7f4b17e2973dd0b062405670a2e,146.94
11575f18b62e1cb6f9d36709e084af39ae1c10f3658a0285d13a3e2642c4153a,41.61
44b4aadcd657a667a09192d01bcc3fb733ffa96d93f9bd44b2e0753b2f60b19e,55.64
d7307e7c5afe9d5fa4d598333c283d885ca1f8ffb9b7d4fd52ebb95add1afc0e,221.41
f2809e273ebfee5d25b178fc2385d861e95a9baad007e26c6b8045dd022bda3d,25.97
